id,student_id,program,grade,status,age,attendance_rate,quiz_score,exams_score,performance_task,activities,final_grade,gpa
1,2025-869318,BSCS,38.85268,0,23,63.79,87.79197,76.04031,0.0,42.13436,38.85268,2.50838
2,2025-941474,BSIT,38.2639,0,22,47.45,61.49514,71.45878,12.03596,37.91245,38.2639,2.84851
3,2025-918044,BSIT,41.08082,0,20,40.28,64.8521,50.44215,23.60094,34.62203,41.08082,3.05746
4,2025-944199,BSIT,38.74877,0,20,41.54,55.06077,53.93617,25.22572,34.23645,38.74877,3.12614
5,2025-686881,BSCS,44.37289,0,20,48.17,88.4202,61.46237,16.92747,42.81884,44.37289,2.65244
6,2025-470562,BLIS,44.22162,0,21,60.89,80.81825,82.519,10.7356,34.64464,44.22162,2.41212
7,2025-313622,BSIT,45.14208,0,20,41.34,66.94304,78.52347,18.71338,29.17026,45.14208,2.63454
8,2025-740488,BSCS,48.51218,0,19,44.53,59.21321,53.48843,32.51127,40.15739,48.51218,2.93012
9,2025-606186,BSIT,47.45159,0,24,47.45,68.16551,63.97161,26.2038,33.56917,47.45159,2.73799
10,2025-710597,BSCS,45.29174,0,19,44.7,77.91982,68.78012,20.36589,40.03045,45.29174,2.64781
11,2025-578028,BSIT,46.60451,0,19,59.65,47.3325,55.74318,35.92262,40.80375,46.60451,2.96815
12,2025-180578,BSCS,45.10296,0,24,56.2,73.36178,60.09717,26.68505,37.81706,45.10296,2.74549
13,2025-228136,BSIT,49.89795,0,24,49.84,56.81869,73.64386,26.62768,31.82058,49.89795,2.664
14,2025-994395,BSIT,48.44547,0,20,79.12,69.04416,81.43051,15.49665,50.0,48.44547,2.37887
15,2025-565728,BSCS,48.17915,0,18,40.89,56.27587,64.35797,29.57909,43.38451,48.17915,2.84307
16,2025-934079,BSDSA,50.28824,0,18,76.58,97.30401,82.49214,9.30321,44.18723,50.28824,2.12073
17,2025-642966,BSCS,49.80992,0,18,47.67,68.67205,76.25544,23.21481,34.04615,49.80992,2.54792
18,2025-359660,BLIS,49.67456,0,21,75.53,80.42298,87.67589,11.21691,50.0,49.67456,2.20759
19,2025-898187,BSCS,47.54722,0,20,44.21,69.56334,86.00724,17.93731,37.95256,47.54722,2.47381
20,2025-102865,BSIT,48.61304,0,25,61.0,63.56892,77.90056,23.24048,42.17369,48.61304,2.53483
21,2025-564723,BSIT,48.86831,0,18,40.11,69.16179,73.61466,25.5397,33.32312,48.86831,2.621
22,2025-453821,BSIT,49.04132,0,22,49.44,80.71274,73.91829,20.28042,42.84644,49.04132,2.48486
23,2025-120631,BSIT,49.20048,0,24,40.74,71.4689,53.82895,34.05913,39.58494,49.20048,2.83213
24,2025-929915,BLIS,51.00652,0,22,44.16,70.50102,75.51357,23.98953,43.05089,51.00652,2.53708
25,2025-804617,BSIT,51.39685,0,18,49.7,78.08443,84.09205,18.29998,40.23223,51.39685,2.34507
26,2025-168346,BSCS,50.01593,0,25,53.7,73.98286,72.19031,24.91886,43.60109,50.01593,2.5268
27,2025-844609,BSIT,50.65687,0,18,40.84,59.08463,44.3737,44.49661,37.66926,50.65687,3.02097
28,2025-646459,BSCS,52.57172,0,24,44.55,74.9945,73.21631,27.95342,30.36673,52.57172,2.5021
29,2025-124953,BSIT,51.16067,0,20,60.85,67.74652,82.6748,22.67548,44.82244,51.16067,2.40396
30,2025-780446,BSCS,49.47823,0,21,56.27,57.85308,90.66678,23.66724,37.12986,49.47823,2.43244
31,2025-313072,BSIT,51.51961,0,21,54.07,78.44544,69.95754,28.03192,39.44669,51.51961,2.49235
32,2025-337266,BSIT,53.92337,0,21,52.28,81.36178,74.47824,25.23268,41.39031,53.92337,2.38347
33,2025-244397,BSIT,49.43657,0,24,60.09,81.99845,69.96484,28.33455,37.45532,49.43657,2.47309
34,2025-824050,BSCS,52.29661,0,23,47.47,58.12559,68.35191,35.77782,41.10272,52.29661,2.68815
35,2025-307847,BSIT,48.69629,0,25,43.05,54.90863,80.12889,32.86427,32.55969,48.69629,2.64784
36,2025-102305,BSIT,51.25184,0,23,44.16,74.35734,59.30089,37.27972,33.98092,51.25184,2.69686
37,2025-906053,BSIT,51.91333,0,19,44.86,85.88454,86.54747,20.0594,36.76293,51.91333,2.2643
38,2025-644691,BSCS,57.76991,0,20,42.49,72.92445,65.63693,34.91203,37.78728,57.76991,2.53468
39,2025-399469,BSCS,51.88562,0,18,48.91,56.51998,70.44997,37.58757,39.53262,51.88562,2.67663
40,2025-842877,BSCS,53.28498,0,20,58.83,70.50891,71.6543,33.98742,33.74421,53.28498,2.4882
41,2025-560732,BSCS,51.92046,0,25,54.27,77.23289,47.53027,43.68847,35.77925,51.92046,2.76397
42,2025-491484,BSIT,51.74771,0,18,43.36,84.91766,75.28128,27.10415,38.55385,51.74771,2.41588
43,2025-657499,BSCS,54.21308,0,24,50.17,59.01368,77.8977,32.73821,44.04371,54.21308,2.52503
44,2025-787041,BSCS,52.4608,0,22,58.46,57.32648,74.64139,37.85688,33.06702,52.4608,2.57248
45,2025-168123,BSCS,51.8072,0,24,42.77,84.71741,62.0077,34.38155,41.1347,51.8072,2.57817
46,2025-565238,BSCS,53.8747,0,20,54.07,62.68885,59.70344,40.99067,48.05153,53.8747,2.70377
47,2025-177499,BSIT,51.47103,0,25,44.98,74.38447,75.65663,31.04652,42.94398,51.47103,2.49359
48,2025-978537,BSCS,54.73112,0,21,48.8,76.70554,81.61571,28.26269,40.37138,54.73112,2.33607
49,2025-199604,BSIT,56.34444,0,24,51.36,60.65391,92.53675,27.32238,43.536,56.34444,2.29738
50,2025-797054,BSCS,53.55121,0,21,41.62,67.2869,52.91235,46.43034,37.51485,53.55121,2.80346
51,2025-510430,BSDSA,52.06959,0,19,80.26,88.10328,73.36751,30.68942,36.032,52.06959,2.26061
52,2025-523324,BSCS,53.80003,0,18,40.25,56.69034,55.54716,48.86551,37.81097,53.80003,2.85811
53,2025-521598,BSIT,54.5704,0,24,43.36,66.70066,87.51492,30.93665,32.74457,54.5704,2.36965
54,2025-900666,BSDSA,54.89095,0,24,43.55,72.51636,77.68387,33.21807,37.41583,54.89095,2.43521
55,2025-806154,BSIT,53.66993,0,19,53.95,84.9476,83.92884,27.01088,34.51082,53.66993,2.23875
56,2025-193611,BSIT,54.68534,0,23,44.37,71.38998,66.29206,39.27892,37.73637,54.68534,2.58093
57,2025-340858,BSIT,54.95804,0,18,58.54,75.18832,71.95873,34.19582,45.52156,54.95804,2.4215
58,2025-771173,BLIS,53.2528,0,19,57.9,71.73832,76.37374,34.09018,40.56447,53.2528,2.42596
59,2025-318172,BSIT,54.7205,0,24,54.3,97.12657,65.71503,34.82275,26.7657,54.7205,2.34168
60,2025-608940,BSCS,54.84956,0,23,66.53,64.57208,72.65413,39.39199,38.14426,54.84956,2.46786
61,2025-558605,BSCS,56.29685,0,21,58.62,71.02751,85.71216,31.06144,38.74038,56.29685,2.268
62,2025-670444,BSCS,55.88452,0,24,42.2,66.33405,48.92909,51.40673,38.95404,55.88452,2.81923
63,2025-134825,BSIT,53.7064,0,19,60.2,77.26244,96.23839,25.34721,34.88164,53.7064,2.12694
64,2025-646956,BSCS,53.33562,0,22,46.23,84.93782,77.40975,33.18723,34.0213,53.33562,2.35329
65,2025-138433,BSCS,55.87722,0,22,53.0,63.80542,81.76065,36.32314,40.56804,55.87722,2.40239
66,2025-598633,BSCS,53.96127,0,21,45.71,79.66809,62.5519,43.38092,30.54799,53.96127,2.56581
67,2025-145938,BSIT,58.42744,0,23,45.13,63.93766,67.79195,42.93383,44.27071,58.42744,2.55964
68,2025-470814,BSCS,58.23843,0,24,53.24,62.25602,63.45047,47.32551,37.10281,58.23843,2.59577
69,2025-425438,BSIT,55.42813,0,21,50.13,82.71405,77.13955,35.41412,32.80412,55.42813,2.32524
70,2025-654561,BSIT,56.11202,0,18,51.08,96.60123,56.32407,40.96634,37.70672,56.11202,2.44919
71,2025-277211,BSCS,57.36943,0,22,56.58,68.73603,73.93573,40.36447,38.5326,57.36943,2.41865
72,2025-966740,BSCS,56.65648,0,21,77.83,68.75502,83.58186,37.33291,29.68473,56.65648,2.22915
73,2025-145051,BSCS,58.16952,0,25,46.21,66.09834,70.60961,43.25303,36.7374,58.16952,2.50835
74,2025-932446,BSIT,56.80042,0,19,45.08,78.38058,77.67432,34.95827,43.67398,56.80042,2.35174
75,2025-530918,BSIT,56.72095,0,24,41.46,79.62963,67.91147,39.57758,44.53311,56.72095,2.47465
76,2025-702478,BSCS,56.62555,0,18,67.03,66.53649,69.71327,41.96307,49.35531,56.62555,2.45702
77,2025-228223,BSIT,55.59063,0,21,59.56,76.74904,100.0,24.1211,48.51485,55.59063,2.05832
78,2025-620273,BSDSA,55.986,0,22,41.97,63.41351,51.25835,55.40972,34.55213,55.986,2.81394
79,2025-314292,BSIT,57.04949,0,22,59.88,86.76894,76.60381,35.32801,37.24583,57.04949,2.23429
80,2025-151957,BSIT,58.66478,0,23,70.32,79.13483,87.94814,31.626,39.09584,58.66478,2.09163
81,2025-450208,BSIT,56.55422,0,22,52.79,68.63301,59.91921,47.92489,44.56887,56.55422,2.61588
82,2025-677289,BSIT,60.00873,0,20,56.09,63.42072,71.87151,44.52057,40.99203,60.00873,2.44568
83,2025-534431,BSCS,58.96135,0,19,56.04,80.00079,73.72067,39.53028,38.30075,58.96135,2.3078
84,2025-347308,BSIT,57.82368,0,20,47.25,64.30952,78.82975,42.54966,34.26989,57.82368,2.42539
85,2025-300236,BLIS,58.16093,0,21,49.37,68.34889,74.86624,43.84199,32.18905,58.16093,2.42676
86,2025-714660,BSIT,57.33584,0,21,78.22,78.80118,83.46931,36.38086,33.06283,57.33584,2.13771
87,2025-652274,BSCS,55.89894,0,22,55.91,75.58596,56.60622,51.60383,29.60544,55.89894,2.59801
88,2025-610911,BSIT,57.28169,0,25,54.47,77.12011,60.81206,48.33132,35.6213,57.28169,2.51891
89,2025-475096,BSIT,59.80918,0,22,67.23,82.81216,89.24123,30.92523,43.27481,59.80918,2.04074
90,2025-676882,BSIT,58.65485,0,18,62.81,71.55328,77.22693,41.02165,40.62388,58.65485,2.31113
91,2025-839172,BSDSA,56.48962,0,24,41.19,54.72942,78.99723,48.01202,31.37127,56.48962,2.5456
92,2025-825781,BSCS,58.58354,0,25,44.3,75.17138,74.11097,43.43503,36.59906,58.58354,2.39476
93,2025-205989,BSDSA,59.93588,0,19,85.51,88.28738,100.0,26.19075,38.90791,59.93588,1.79269
94,2025-923107,BSIT,58.88463,0,19,40.37,73.368,57.74201,53.43352,30.74635,58.88463,2.61652
95,2025-357143,BSCS,58.28708,0,21,53.65,83.26284,74.872,39.51851,43.19731,58.28708,2.28824
96,2025-757835,BSDSA,60.19986,0,20,65.79,80.82198,68.80419,43.75622,42.07239,60.19986,2.30142
97,2025-917561,BSIT,59.95925,0,18,40.18,83.19541,53.27837,52.50987,33.61491,59.95925,2.57503
98,2025-930354,BSCS,60.82054,0,21,57.69,64.83019,76.63452,44.42932,43.28355,60.82054,2.35786
99,2025-235605,BLIS,59.85964,0,21,78.61,87.86562,88.30804,31.16375,46.51643,59.85964,1.96518
100,2025-273574,BLIS,61.05539,0,18,50.93,59.32469,66.41085,51.76421,42.49801,61.05539,2.54787
101,2025-571094,BSIT,61.7541,0,21,76.01,95.3117,85.74474,31.73379,41.89865,61.7541,1.91646
102,2025-913512,BSCS,57.72178,0,20,48.01,90.75366,85.99673,32.67947,44.14885,57.72178,2.12642
103,2025-267804,BSIT,62.18737,0,23,45.25,58.33568,73.59021,49.78716,39.73007,62.18737,2.47423
104,2025-634946,BSCS,60.11795,0,19,61.07,88.54075,96.09617,31.95772,27.99966,60.11795,1.93235
105,2025-715599,BSIT,61.97356,0,23,65.57,73.8808,72.12855,46.98318,35.99954,61.97356,2.28955
106,2025-191944,BSCS,57.30027,0,22,44.76,57.02885,84.02322,48.23219,27.85532,57.30027,2.43965
107,2025-968256,BSIT,58.25299,0,25,74.61,90.14007,87.18649,33.2294,45.7761,58.25299,2.00215
108,2025-660640,BSIT,61.13029,0,22,50.04,85.32837,62.5486,47.47757,43.52766,61.13029,2.38855
109,2025-944397,BSCS,60.61475,0,21,56.74,76.84544,72.73822,47.14116,32.58485,60.61475,2.31558
110,2025-111263,BSCS,61.79817,0,22,40.94,66.26863,65.90704,53.80237,32.7768,61.79817,2.52644
111,2025-484715,BLIS,60.91115,0,25,72.76,79.45551,76.90493,41.26748,49.23212,60.91115,2.17588
112,2025-175598,BLIS,61.89364,0,23,73.63,76.0254,85.28702,38.69372,46.68883,61.89364,2.08353
113,2025-560886,BSIT,63.44769,0,25,69.85,87.03263,77.09517,39.47661,48.12498,63.44769,2.08403
114,2025-563145,BSIT,62.59589,0,23,76.73,83.47249,79.32829,40.21276,44.48826,62.59589,2.07183
115,2025-191273,BLIS,62.36542,0,19,79.14,85.46711,88.14998,35.57854,43.16377,62.36542,1.94406
116,2025-948331,BSIT,62.66978,0,20,58.33,77.74974,57.3526,51.94382,50.0,62.66978,2.45373
117,2025-313664,BSIT,62.83307,0,19,43.19,65.81779,58.35193,58.33859,34.11295,62.83307,2.59515
118,2025-543477,BLIS,60.65385,0,19,40.12,69.80742,56.03842,56.59205,42.65698,60.65385,2.63814
119,2025-258024,BSCS,61.44005,0,24,66.51,81.3904,68.90288,47.20502,40.08349,61.44005,2.27296
120,2025-681158,BSCS,60.0756,0,18,56.52,89.5682,73.56079,43.68342,33.92696,60.0756,2.21344
121,2025-611988,BSIT,62.05956,0,22,59.71,89.36322,73.79742,42.83055,40.54403,62.05956,2.16773
122,2025-870588,BSIT,60.69603,0,19,43.23,67.47339,45.14851,65.05959,35.11753,60.69603,2.77437
123,2025-801518,BSIT,59.69399,0,18,40.46,72.87605,63.37418,55.30058,30.36615,59.69399,2.53956
124,2025-765277,BLIS,58.38243,0,25,55.93,82.61536,73.12328,47.3542,32.51478,58.38243,2.30376
125,2025-559234,BSIT,66.46693,0,23,51.71,67.00823,58.2668,57.21481,46.86011,66.46693,2.49442
126,2025-737902,BLIS,61.15835,0,19,57.11,84.48671,82.66244,40.5315,43.55241,61.15835,2.12518
127,2025-775052,BSCS,60.89435,0,22,72.47,91.36151,73.59145,43.41631,41.60888,60.89435,2.12182
128,2025-257059,BSIT,63.41687,0,22,64.35,81.4503,72.09506,48.17976,36.58423,63.41687,2.21119
129,2025-414993,BLIS,62.45961,0,21,54.12,79.71388,81.12143,44.96258,32.8987,62.45961,2.173
130,2025-600139,BSIT,60.75947,0,23,96.2,97.50963,81.06742,37.45091,43.95221,60.75947,1.89016
131,2025-565285,BSDSA,60.06615,0,25,68.07,90.23907,93.6024,33.89721,41.33018,60.06615,1.92152
132,2025-259813,BSIT,59.78652,0,20,47.28,76.12104,65.09177,53.82261,36.34289,59.78652,2.46423
133,2025-475856,BLIS,63.20123,0,19,59.47,77.89059,68.07603,53.47503,29.15169,63.20123,2.31086
134,2025-712149,BSCS,63.37842,0,22,55.67,83.33862,92.11445,38.73928,34.5807,63.37842,1.99118
135,2025-669351,BSIT,62.32168,0,21,51.16,74.897,86.01468,43.34139,39.9353,62.32168,2.16686
136,2025-663208,BSIT,62.38993,0,20,66.7,57.56705,84.73835,49.03748,41.46401,62.38993,2.25756
137,2025-662435,BSCS,62.53884,0,21,71.62,73.95732,83.55832,44.29639,43.56154,62.53884,2.11854
138,2025-777499,BSIT,62.07835,0,20,57.37,75.7377,74.59074,49.88314,36.18667,62.07835,2.27628
139,2025-611099,BSDSA,61.7832,0,18,48.25,67.03838,60.40496,59.9779,34.95661,61.7832,2.5573
140,2025-392319,BLIS,61.76116,0,25,62.99,86.58326,90.68776,36.77166,45.979,61.76116,1.97894
141,2025-955087,BSCS,60.55999,0,21,44.85,94.21233,75.76604,44.99835,30.92624,60.55999,2.18875
142,2025-290330,BSIT,64.0308,0,25,58.95,68.75026,93.87149,41.1757,45.48584,64.0308,2.06325
143,2025-832265,BLIS,66.36756,0,23,60.31,83.25547,66.503,50.60814,45.13824,66.36756,2.2328
144,2025-441337,BSCS,64.40992,0,23,72.03,87.51813,83.56179,41.55037,41.73121,64.40992,1.97843
145,2025-101921,BSCS,64.13561,0,24,77.4,82.15559,93.77264,38.13555,41.62322,64.13561,1.88171
146,2025-879688,BSCS,62.98579,0,22,75.98,72.70662,82.72654,45.39984,48.29919,62.98579,2.11394
147,2025-531624,BSCS,63.55348,0,22,60.22,59.23248,84.87456,50.13836,39.72754,63.55348,2.24991
148,2025-947421,BSDSA,61.32491,0,18,42.27,71.84395,65.56663,56.84002,35.84681,61.32491,2.48817
149,2025-672778,BSCS,65.13427,0,25,59.38,62.00979,80.27775,51.55337,40.71499,65.13427,2.26092
150,2025-360567,BSCS,61.07792,0,22,73.35,66.74601,84.5507,47.8498,42.14119,61.07792,2.18078
151,2025-482975,BSIT,62.3302,0,19,51.36,73.12827,73.00647,52.67242,37.52837,62.3302,2.33617
152,2025-429330,BLIS,64.55186,0,25,80.95,79.11004,100.0,38.20841,33.52497,64.55186,1.81049
153,2025-309092,BSIT,64.57286,0,23,69.6,57.72822,82.30609,51.62597,43.03879,64.57286,2.23894
154,2025-392599,BSIT,63.47047,0,20,41.02,74.47608,63.11525,57.4023,37.68369,63.47047,2.4672
155,2025-875279,BSCS,62.52265,0,24,43.31,74.3838,63.70492,57.85015,35.51831,62.52265,2.46687
156,2025-773175,BSCS,60.78108,0,24,69.22,75.9983,76.48447,48.8396,46.23583,60.78108,2.22482
157,2025-577425,BLIS,64.51192,0,21,64.56,68.34781,66.91655,57.57292,38.53805,64.51192,2.35979
158,2025-171607,BSCS,62.71485,0,19,93.5,91.06359,94.56913,35.88738,44.40804,62.71485,1.75922
159,2025-379187,BLIS,63.56643,0,24,53.13,69.56519,82.33302,49.03152,41.57272,63.56643,2.2259
160,2025-504825,BSIT,61.67265,0,24,64.9,97.25219,80.35058,41.79768,41.61544,61.67265,2.01141
161,2025-787164,BLIS,62.14455,0,19,54.34,78.62992,76.92438,49.38363,40.53108,62.14455,2.2362
162,2025-770136,BSCS,63.39164,0,23,83.67,99.92406,100.0,30.95133,43.12788,63.39164,1.65166
163,2025-498081,BSCS,65.25645,0,24,69.01,74.60595,96.87466,40.65,40.54669,65.25645,1.92051
164,2025-255959,BSIT,67.52543,0,25,65.24,100.0,65.88746,47.49623,46.35097,67.52543,2.06798
165,2025-947294,BSCS,62.17259,0,24,44.54,65.507,87.26848,49.8525,32.98898,62.17259,2.2558
166,2025-643272,BSCS,63.12496,0,20,66.0,76.0314,68.74102,54.94958,38.43786,63.12496,2.29286
167,2025-910654,BSIT,62.86423,0,24,58.85,71.00546,79.84099,48.70234,50.0,62.86423,2.23264
168,2025-881625,BSCS,62.69117,0,20,92.73,100.0,98.47555,30.81004,50.0,62.69117,1.64431
169,2025-585219,BSIT,64.51924,0,21,42.69,71.17444,77.93323,51.81452,39.75566,64.51924,2.29234
170,2025-432086,BSCS,64.87019,0,21,41.46,65.18348,73.75357,57.62855,30.47078,64.87019,2.38973
171,2025-471439,BLIS,62.44023,0,23,40.33,53.88302,76.10156,57.98592,40.0192,62.44023,2.49535
172,2025-318245,BLIS,62.22896,0,25,44.87,87.67182,72.2422,52.6257,25.94286,62.22896,2.25658
173,2025-975699,BSIT,60.88361,0,24,48.29,76.42791,68.82712,54.23396,43.95616,60.88361,2.39535
174,2025-550066,BSIT,64.28384,0,24,56.21,76.53548,85.51593,47.32896,36.72185,64.28384,2.10814
175,2025-953811,BSCS,64.40863,0,20,53.69,86.70868,78.16199,47.62105,39.57689,64.40863,2.12309
176,2025-521094,BSCS,64.1717,0,23,41.71,72.75176,65.72754,59.63875,32.13405,64.1717,2.43567
177,2025-884799,BSIT,62.3374,0,19,53.6,71.74704,88.48806,48.26951,34.49061,62.3374,2.15237
178,2025-858927,BSIT,66.80753,0,19,72.9,86.12252,94.36216,38.03048,50.0,66.80753,1.81815
179,2025-154377,BSCS,62.42584,0,20,42.16,85.89694,83.33771,44.85389,44.96634,62.42584,2.14532
180,2025-376088,BSIT,66.23079,0,20,56.15,88.74752,95.09825,37.69383,47.09816,66.23079,1.86455
181,2025-832724,BSCS,64.30589,0,24,43.1,83.2528,78.60647,48.99624,40.42281,64.30589,2.18941
182,2025-701894,BSCS,65.08834,0,23,49.37,67.14297,70.6911,59.59007,31.86122,65.08834,2.37567
183,2025-793586,BLIS,64.4509,0,19,40.48,77.2395,68.05333,58.14152,31.16438,64.4509,2.37231
184,2025-648058,BSCS,67.01325,0,25,50.3,80.35766,79.8143,49.4267,40.70259,67.01325,2.12596
185,2025-198243,BLIS,65.09393,0,19,42.69,64.96567,64.50214,62.61007,36.42885,65.09393,2.49399
186,2025-675968,BSDSA,65.31137,0,24,48.66,83.95571,73.23119,52.84279,36.25803,65.31137,2.20996
187,2025-459305,BLIS,65.67633,0,18,66.51,77.46547,82.71587,48.9404,41.81749,65.67633,2.07082
188,2025-595178,BSDSA,67.28998,0,20,77.62,77.83371,83.27305,47.66868,46.71192,67.28998,1.99093
189,2025-237613,BSCS,63.3972,0,18,48.29,65.17795,78.67852,57.40816,28.87863,63.3972,2.32692
190,2025-172220,BSIT,66.72971,0,22,71.28,100.0,89.44409,37.37905,50.0,66.72971,1.77388
191,2025-542430,BSCS,62.48227,0,23,40.78,68.07978,72.08973,58.70238,35.12761,62.48227,2.42745
192,2025-546874,BSCS,65.90217,0,18,74.2,85.63289,89.38938,42.24964,48.0191,65.90217,1.89103
193,2025-643633,BSDSA,65.24393,0,21,68.5,79.84024,100.0,40.62379,38.46343,65.24393,1.84338
194,2025-842641,BSCS,66.20757,0,24,49.55,82.3301,72.61241,53.08815,41.78837,66.20757,2.21249
195,2025-539284,BSDSA,65.09773,0,21,51.74,81.36143,71.11414,56.60987,29.58387,65.09773,2.24722
196,2025-132209,BSCS,61.36259,0,22,47.58,79.12722,72.62267,55.93893,32.61636,61.36259,2.32339
197,2025-429397,BSCS,66.05223,0,21,83.15,92.51592,85.12151,42.32948,50.0,66.05223,1.84898
198,2025-145239,BSCS,64.96215,0,24,50.22,59.87924,61.55385,64.76148,46.02889,64.96215,2.54205
199,2025-851883,BSIT,64.40003,0,23,57.21,81.20292,51.49981,63.94066,43.41141,64.40003,2.47314
200,2025-820552,BLIS,64.44411,0,18,78.34,100.0,87.01714,40.39024,44.40225,64.44411,1.81133
201,2025-147973,BSCS,64.81339,0,25,60.08,75.87916,83.70123,50.04681,41.06317,64.81339,2.11122
202,2025-605283,BSCS,62.42646,0,21,43.32,70.94103,64.81427,62.53681,33.398,62.42646,2.4826
203,2025-133908,BSCS,66.32888,0,24,67.89,92.94017,77.79046,47.21882,44.6052,66.32888,1.99017
204,2025-523554,BSCS,64.73337,0,21,41.29,58.02817,56.01346,70.05642,38.14396,64.73337,2.66272
205,2025-311283,BSCS,65.91455,0,24,59.05,72.48946,67.63803,60.41103,35.68928,65.91455,2.3176
206,2025-498427,BSIT,66.09748,0,19,45.75,81.43157,75.18225,52.77544,42.03507,66.09748,2.2058
207,2025-977674,BSCS,63.89368,0,20,48.53,75.71088,74.80356,55.18281,39.65533,63.89368,2.28025
208,2025-941410,BSIT,64.61885,0,24,80.51,100.0,74.99134,47.11601,43.70903,64.61885,1.94416
209,2025-403051,BSIT,64.24941,0,18,60.52,72.94188,91.38741,49.24326,33.3812,64.24941,2.04975
210,2025-982681,BSCS,65.52865,0,20,49.13,78.4806,78.83686,53.94713,33.71084,65.52865,2.18113
211,2025-493340,BSIT,63.72454,0,18,48.51,58.45178,83.55037,58.2348,30.56002,63.72454,2.31615
212,2025-288565,BSCS,69.39503,0,21,71.02,69.12533,75.54655,56.26605,44.40502,69.39503,2.14604
213,2025-702359,BSCS,65.8721,0,22,51.21,64.47843,66.40727,64.08493,35.1581,65.8721,2.42849
214,2025-464388,BSIT,66.90783,0,23,72.85,66.19554,77.57286,57.42761,37.99275,66.90783,2.17764
215,2025-286366,BSCS,67.68113,0,24,73.9,86.54387,68.0433,56.21405,37.7001,67.68113,2.11263
216,2025-683137,BSCS,66.46704,0,19,78.56,78.63641,80.25383,50.07233,50.0,66.46704,2.03015
217,2025-459728,BSCS,65.61587,0,23,69.61,100.0,83.92044,43.00505,44.29927,65.61587,1.86466
218,2025-877318,BSCS,65.69779,0,21,56.89,74.69174,89.17954,49.65399,35.91914,65.69779,2.05359
219,2025-141355,BSIT,64.56802,0,23,42.27,74.85891,71.62791,57.80591,39.49374,64.56802,2.33943
220,2025-841836,BSCS,65.95828,0,20,40.52,60.49592,69.68421,64.69344,32.10449,65.95828,2.46241
221,2025-909125,BSCS,65.77329,0,18,41.63,74.57092,70.81235,59.54903,34.96482,65.77329,2.33479
222,2025-127021,BSIT,65.39829,0,23,51.51,80.49043,88.13657,48.99874,36.27428,65.39829,2.04603
223,2025-905141,BSCS,65.02383,0,20,40.14,59.15861,67.25426,66.43343,33.96952,65.02383,2.51874
224,2025-302237,BSIT,67.97562,0,22,51.24,75.31383,55.98976,65.08289,44.99764,67.97562,2.43304
225,2025-370873,BSCS,64.72259,0,21,83.21,92.90973,91.48437,41.86384,46.30964,64.72259,1.79051
226,2025-781774,BSIT,66.24584,0,20,45.2,67.14998,70.82665,62.45235,34.19203,66.24584,2.37215
227,2025-800515,BSIT,65.28968,0,20,42.46,82.52188,60.53593,64.23142,28.67289,65.28968,2.39892
228,2025-938804,BSIT,67.02291,0,24,62.07,58.96824,82.66954,57.56923,42.50269,67.02291,2.21557
229,2025-193551,BSDSA,67.19201,0,23,47.19,53.919,72.95713,64.84484,38.32536,67.19201,2.42933
230,2025-914680,BSIT,66.91838,0,25,76.47,98.44675,92.57822,40.78179,43.05732,66.91838,1.72491
231,2025-446033,BSCS,65.17651,0,24,44.25,71.98504,53.32773,69.12333,40.01721,65.17651,2.56436
232,2025-694698,BSIT,70.61374,0,20,86.37,93.24239,84.71087,45.41458,48.31757,70.61374,1.76223
233,2025-997979,BLIS,67.82175,0,21,42.17,69.35615,70.36893,61.44865,40.06942,67.82175,2.3469
234,2025-270296,BSIT,66.00928,0,18,89.06,78.63247,94.55656,44.63499,50.0,66.00928,1.82387
235,2025-163935,BSDSA,65.80164,0,21,45.79,72.21567,70.24538,60.46363,42.05909,65.80164,2.34334
236,2025-181332,BSCS,69.16272,0,18,49.47,68.68768,68.42825,61.52865,46.8109,69.16272,2.32488
237,2025-106054,BSCS,67.02077,0,21,82.17,75.80335,95.09478,46.55354,44.53166,67.02077,1.85142
238,2025-554090,BSIT,65.13853,0,21,51.8,72.10024,79.65584,57.86906,32.22943,65.13853,2.21791
239,2025-478204,BSCS,67.11698,0,21,42.41,59.97949,67.68191,67.53423,32.13436,67.11698,2.46447
240,2025-472290,BSCS,65.48996,0,22,57.01,81.99126,73.7509,56.32916,40.01924,65.48996,2.18318
241,2025-271205,BSCS,65.96143,0,23,40.1,97.99727,64.40976,55.88165,41.85508,65.96143,2.22732
242,2025-882339,BSIT,66.03014,0,23,84.79,71.36159,100.0,45.73305,46.05178,66.03014,1.83347
243,2025-912557,BSCS,66.71043,0,22,84.93,100.0,95.17676,41.32205,37.91348,66.71043,1.65079
244,2025-703537,BSCS,69.47718,0,22,76.82,82.30843,88.8054,47.43295,50.0,69.47718,1.85695
245,2025-631895,BSCS,68.14021,0,22,40.94,62.59971,64.32659,69.24591,31.9012,68.14021,2.47328
246,2025-361188,BSDSA,66.07782,0,18,54.43,68.18101,84.65635,55.58774,41.04448,66.07782,2.16371
247,2025-408617,BSCS,68.47054,0,25,59.99,83.59892,71.46243,57.03371,43.82187,68.47054,2.13817
248,2025-970758,BLIS,66.6982,0,18,60.35,75.79319,76.51352,57.84784,38.98937,66.6982,2.16692
249,2025-728523,BSDSA,67.41781,0,19,49.96,67.39259,57.71099,68.80237,44.06251,67.41781,2.4898
250,2025-987262,BSIT,65.58946,0,22,55.26,87.06588,72.59587,55.70389,43.06446,65.58946,2.16185
251,2025-635154,BSIT,69.45554,0,21,45.33,81.59791,69.1029,60.4355,36.59668,69.45554,2.22537
252,2025-115583,BSCS,64.76023,0,18,49.28,55.40901,73.24402,65.75363,38.96186,64.76023,2.44452
253,2025-355413,BSCS,64.65863,0,22,51.56,92.30205,64.38469,57.93612,45.02949,64.65863,2.24819
254,2025-753591,BSIT,66.25756,0,23,58.91,60.2849,76.78051,64.07534,31.466,66.25756,2.30059
255,2025-195193,BSCS,69.07584,0,18,56.66,70.44094,66.52285,64.36099,40.65061,69.07584,2.30634
256,2025-557836,BSDSA,66.38293,0,23,60.23,92.43816,82.52657,50.6352,36.7965,66.38293,1.96713
257,2025-908598,BSCS,66.27803,0,18,55.0,76.38069,85.63083,55.60692,28.3049,66.27803,2.08094
258,2025-370441,BLIS,67.26099,0,23,58.81,71.8047,75.47009,59.46461,41.38576,67.26099,2.20851
259,2025-231429,BLIS,66.146,0,22,60.56,86.68203,98.97962,43.71564,39.12619,66.146,1.81821
260,2025-482088,BSIT,69.64923,0,25,62.01,77.32848,69.25944,61.18781,40.1075,69.64923,2.18783
261,2025-246526,BLIS,67.25767,0,21,59.27,79.41861,80.76594,56.04725,34.15044,67.25767,2.08226
262,2025-982513,BSIT,68.89505,0,18,73.93,94.09351,74.79015,53.10932,41.99519,68.89505,1.95173
263,2025-983437,BSCS,69.43411,0,24,77.94,86.98932,69.11202,57.00864,47.69693,69.43411,2.05204
264,2025-245586,BSIT,68.08848,0,25,74.63,73.84085,100.0,46.78753,41.66709,68.08848,1.82134
265,2025-306160,BSIT,66.13642,0,20,59.62,66.1913,98.10157,49.30071,45.4345,66.13642,1.99659
266,2025-944251,BSCS,69.23332,0,19,63.87,92.96911,93.55733,43.7149,44.90871,69.23332,1.77035
267,2025-878773,BSDSA,70.03248,0,20,52.59,62.25996,68.79328,66.16241,40.80364,70.03248,2.34552
268,2025-305321,BSCS,64.43305,0,19,40.1,73.06533,64.6756,66.14698,35.10336,64.43305,2.44804
269,2025-161240,BSCS,68.55835,0,20,58.58,84.033,77.07192,56.00502,38.61452,68.55835,2.07162
270,2025-175773,BSIT,67.25369,0,20,52.3,68.19295,69.5118,64.67948,38.28061,67.25369,2.33506
271,2025-499437,BSDSA,69.40354,0,23,56.91,83.13222,74.56435,57.46952,39.68308,69.40354,2.10207
272,2025-760503,BSIT,70.35589,0,20,79.62,91.89094,74.30299,54.72342,41.19005,70.35589,1.92906
273,2025-759161,BSCS,69.34089,0,21,58.01,91.36372,73.43474,55.37121,41.13058,69.34089,2.04638
274,2025-567059,BSCS,68.69233,0,23,70.76,87.0285,81.05796,53.1224,40.06718,68.69233,1.94896
275,2025-811524,BSCS,68.57495,0,23,91.65,93.2813,84.57879,48.57159,45.29637,68.57495,1.775
276,2025-657372,BSCS,70.1177,0,23,65.32,91.29169,84.57388,50.7175,37.58362,70.1177,1.87162
277,2025-366968,BSIT,66.25292,0,24,44.63,67.30342,60.51988,70.49588,34.86965,66.25292,2.49677
278,2025-255549,BSIT,70.18766,0,19,51.36,91.48822,65.44514,59.73786,40.07341,70.18766,2.15431
279,2025-193954,BSIT,65.49389,0,25,44.18,74.81761,61.76612,68.49824,30.50095,65.49389,2.43564
280,2025-583302,BSIT,68.02897,0,24,50.44,68.21898,71.26221,64.81517,35.36729,68.02897,2.30888
281,2025-910261,BLIS,68.37061,0,19,74.8,100.0,83.18239,47.46154,44.98435,68.37061,1.80868
282,2025-492425,BSIT,68.72195,0,21,62.0,67.39295,79.35739,59.42563,43.79501,68.72195,2.16102
283,2025-843517,BSCS,67.50149,0,21,54.04,79.56128,86.76525,53.22916,38.86368,67.50149,2.02614
284,2025-672331,BSIT,70.36617,0,22,76.58,84.08021,78.17457,54.88373,45.72037,70.36617,1.95708
285,2025-618701,BSIT,71.8893,0,21,76.47,92.25041,77.16018,52.3256,50.0,71.8893,1.87997
286,2025-286974,BSIT,66.61382,0,21,57.06,95.67685,80.55946,53.56829,30.49435,66.61382,1.97381
287,2025-608599,BSCS,69.34195,0,24,60.77,70.90917,88.30329,53.24596,50.0,69.34195,2.02054
288,2025-831969,BSCS,69.20446,0,18,57.72,90.34978,69.1101,59.24622,38.8931,69.20446,2.10973
289,2025-820045,BSIT,69.8124,0,25,40.07,80.36364,70.67701,60.99968,41.23477,69.8124,2.23169
290,2025-100444,BSIT,68.4016,0,21,79.27,70.24406,96.20288,50.02241,49.16348,68.4016,1.87211
291,2025-947797,BSCS,72.04258,0,25,94.85,100.0,79.78954,49.26422,50.0,72.04258,1.71044
292,2025-803924,BSCS,69.52042,0,24,57.35,89.57367,79.91159,54.7591,38.54263,69.52042,1.98274
293,2025-639332,BSCS,69.7157,0,22,99.27,100.0,91.90994,43.42449,50.0,69.7157,1.58455
294,2025-787966,BLIS,69.99276,0,18,59.59,92.85392,91.17806,49.03353,34.59333,69.99276,1.80479
295,2025-925977,BSCS,66.83522,0,18,43.7,75.53529,75.57587,62.4162,32.71411,66.83522,2.24464
296,2025-241461,BSIT,67.67386,0,21,67.77,93.21833,76.75223,54.63395,42.33037,67.67386,1.97936
297,2025-263952,BSIT,66.42605,0,22,45.91,77.53806,92.50485,54.38407,28.21429,66.42605,2.02318
298,2025-906813,BSIT,69.33185,0,23,54.79,88.40794,76.0285,56.94975,40.41841,69.33185,2.05192
299,2025-840556,BSCS,65.95638,0,24,45.24,63.68361,70.59952,66.87398,41.54411,65.95638,2.40707
300,2025-642147,BLIS,66.77682,0,21,62.87,65.82499,87.73415,56.52755,47.26833,66.77682,2.10068
301,2025-402364,BSCS,70.21098,0,23,86.45,84.89261,85.73252,52.75306,42.77142,70.21098,1.82289
302,2025-967940,BSCS,71.28406,0,24,96.75,100.0,71.30571,55.9781,40.37215,71.28406,1.81679
303,2025-856584,BSCS,69.93986,0,20,42.48,81.23098,79.17381,57.04599,44.63645,69.93986,2.11111
304,2025-294258,BSIT,70.2714,0,23,41.93,66.16778,84.53031,58.64073,46.51934,70.2714,2.16423
305,2025-147808,BSIT,70.7427,0,25,55.45,55.86613,61.73936,74.83177,38.51218,70.7427,2.45852
306,2025-372721,BSDSA,70.86952,0,23,47.54,71.20755,62.12235,69.99737,38.77071,70.86952,2.3608
307,2025-910794,BLIS,66.86172,0,22,59.01,74.91295,91.20488,54.22853,39.50806,66.86172,2.00041
308,2025-372849,BSIT,69.63724,0,22,82.36,83.30486,71.09867,61.43429,41.16961,69.63724,2.03674
309,2025-118497,BSIT,70.53461,0,24,79.21,90.28913,83.45998,52.37359,45.7915,70.53461,1.83077
310,2025-652170,BSCS,68.58988,0,20,71.59,75.4876,74.6888,61.92677,42.33248,68.58988,2.11604
311,2025-425193,BLIS,68.69063,0,21,40.79,76.0815,77.57902,61.319,38.23717,68.69063,2.19819
312,2025-221922,BSIT,70.63114,0,22,67.09,77.19461,65.52712,66.08162,43.03922,70.63114,2.19766
313,2025-459815,BSIT,69.58739,0,21,78.74,81.38852,91.08267,51.17272,47.63109,69.58739,1.82754
314,2025-396049,BSIT,70.2879,0,24,42.87,81.13509,69.52735,63.48503,40.71707,70.2879,2.2205
315,2025-520205,BSCS,69.66553,0,25,90.98,100.0,92.00227,45.51273,46.76073,69.66553,1.6174
316,2025-888222,BSIT,68.20216,0,23,64.6,78.73621,81.12931,59.19588,37.6139,68.20216,2.04692
317,2025-290215,BSDSA,68.42449,0,24,43.12,63.27883,78.78115,63.48767,45.34398,68.42449,2.28112
318,2025-325478,BSIT,70.36173,0,24,84.8,85.98769,80.94269,54.69102,50.0,70.36173,1.8758
319,2025-141617,BSIT,71.18756,0,23,79.69,83.74752,74.8294,58.98416,48.46125,71.18756,1.97431
320,2025-454946,BSCS,72.1837,0,19,64.58,97.19367,76.77559,54.73144,44.86247,72.1837,1.88788
321,2025-992201,BLIS,72.20356,0,20,49.98,68.24195,87.41533,58.92858,41.01971,72.20356,2.0499
322,2025-300370,BSIT,69.0135,0,25,57.89,90.04092,68.88211,63.76181,30.82872,69.0135,2.11731
323,2025-687565,BSDSA,70.40403,0,21,74.29,91.21238,100.0,45.25317,44.80049,70.40403,1.64668
324,2025-740807,BSCS,69.14209,0,22,44.94,76.96591,70.90948,66.35168,33.70104,69.14209,2.24733
325,2025-320819,BSIT,71.06287,0,18,89.0,85.29423,100.0,47.25906,43.9979,71.06287,1.62464
326,2025-585857,BSIT,69.4903,0,20,66.31,85.4252,78.40662,59.50378,37.0884,69.4903,1.99863
327,2025-277182,BSCS,68.27221,0,24,73.23,81.93865,89.66152,55.44384,34.53497,68.27221,1.88328
328,2025-974357,BSIT,70.76489,0,25,44.03,75.59491,89.93802,57.41464,33.51704,70.76489,2.00763
329,2025-832308,BSCS,71.31806,0,23,94.78,100.0,100.0,43.63224,40.694,71.31806,1.47979
330,2025-959583,BSIT,70.2385,0,25,90.07,99.05393,82.65702,51.04046,48.76915,70.2385,1.73159
331,2025-950424,BSCS,67.746,0,25,44.83,82.62633,61.27966,70.19613,31.19363,67.746,2.34038
332,2025-686749,BSCS,70.5093,0,23,81.4,79.39368,93.70476,53.18039,40.14062,70.5093,1.78664
333,2025-425539,BLIS,69.42012,0,22,61.38,82.45772,88.32227,54.88203,40.9379,69.42012,1.92423
334,2025-240411,BSCS,67.97997,0,22,62.2,72.55465,81.60679,61.86902,37.88293,67.97997,2.1038
335,2025-907222,BSIT,67.63811,0,21,56.87,79.80698,80.87109,61.00438,33.19554,67.63811,2.0814
336,2025-567537,BSCS,67.69386,0,21,44.3,65.89426,71.81435,69.97268,31.99893,67.69386,2.35077
337,2025-521483,BSIT,68.94981,0,24,56.88,74.29685,67.89574,69.02306,34.15867,68.94981,2.26016
338,2025-259925,BSCS,70.92802,0,20,60.88,91.16133,76.13682,57.37338,46.79486,70.92802,1.9787
339,2025-991368,BSIT,69.68195,0,21,55.11,78.22085,84.71108,57.92626,42.34126,69.68195,2.02235
340,2025-683807,BSCS,67.30794,0,19,44.05,67.19197,77.97627,66.12541,34.73279,67.30794,2.27362
341,2025-282592,BSIT,69.82677,0,22,61.71,78.7235,83.50698,59.80168,35.30522,69.82677,2.00406
342,2025-502880,BSDSA,64.6861,0,23,62.82,78.91522,86.68072,58.34504,35.05246,64.6861,2.04225
343,2025-390772,BLIS,71.15093,0,23,57.32,77.3849,100.0,52.51795,33.32572,71.15093,1.81323
344,2025-174687,BSCS,71.16854,0,22,62.25,82.62069,82.30681,59.63862,34.46846,71.16854,1.96366
345,2025-989693,BSIT,71.4913,0,20,94.23,92.53665,100.0,44.74752,50.0,71.4913,1.53893
346,2025-763886,BSIT,69.78598,0,23,96.25,95.20938,100.0,44.24798,48.74197,69.78598,1.53675
347,2025-273929,BSIT,72.00712,0,22,49.16,77.67875,98.53061,51.08378,44.83127,72.00712,1.84745
348,2025-185118,BSIT,69.91816,0,24,85.87,75.59764,95.78796,53.9691,40.4039,69.91816,1.78359
349,2025-353790,BSCS,69.76225,0,21,48.89,69.55329,73.94545,66.1277,43.38582,69.76225,2.24447
350,2025-792408,BSIT,68.00313,0,18,48.77,76.83996,98.25982,55.44123,25.8184,68.00313,1.92303
351,2025-339141,BSIT,71.44176,0,20,61.9,71.90756,64.59372,71.39774,37.86559,71.44176,2.25895
352,2025-243171,BSCS,71.70198,0,22,65.13,95.68903,85.57476,53.53117,39.58863,71.70198,1.79984
353,2025-200335,BSIT,68.95718,0,25,60.63,93.58209,89.01762,51.9935,42.16686,68.95718,1.8373
354,2025-369507,BSIT,69.54559,0,25,65.64,74.73872,84.33785,61.27602,36.03711,69.54559,2.01475
355,2025-668924,BLIS,71.37853,0,20,59.38,84.33553,88.50038,56.20661,37.05293,71.37853,1.88373
356,2025-766894,BSCS,67.91785,0,25,45.39,52.85779,66.53074,75.83488,41.24208,67.91785,2.51052
357,2025-151393,BSCS,69.94612,0,24,43.18,67.50388,86.41645,63.07975,33.58222,69.94612,2.13111
358,2025-381774,BSCS,68.37155,0,24,46.64,68.75623,79.70577,67.3406,27.71154,68.37155,2.21298
359,2025-394487,BSIT,72.53522,0,22,50.35,71.01823,73.47152,67.9064,37.22624,72.53522,2.18823
360,2025-681595,BSIT,72.00581,0,22,73.33,68.04986,79.80311,63.69845,47.07135,72.00581,2.05255
361,2025-912724,BSCS,70.12733,0,22,89.2,88.38285,87.16072,54.57949,43.82984,70.12733,1.76817
362,2025-639375,BSCS,72.48793,0,20,49.66,66.38325,88.35672,62.42045,34.67223,72.48793,2.05021
363,2025-431243,BSCS,71.47631,0,23,91.95,73.17298,100.0,51.51955,50.0,71.47631,1.7032
364,2025-579630,BSIT,70.22596,0,22,52.36,79.84645,68.13256,69.67309,29.2732,70.22596,2.21058
365,2025-617268,BSDSA,71.26412,0,22,45.16,91.11329,68.73107,65.0234,34.51865,71.26412,2.12545
366,2025-188185,BSDSA,71.74537,0,21,55.84,94.816,64.80653,65.7378,35.56958,71.74537,2.09251
367,2025-958083,BSDSA,69.31142,0,22,56.93,89.9618,69.84573,62.9121,44.55484,69.31142,2.10545
368,2025-787475,BSIT,71.76061,0,21,58.63,76.9139,74.13186,65.44631,41.40098,71.76061,2.11242
369,2025-930908,BSIT,71.38945,0,24,73.01,86.67058,80.70518,57.73798,49.07637,71.38945,1.9039
370,2025-300982,BSCS,72.04684,0,22,40.73,82.04711,82.61914,61.92727,30.5194,72.04684,2.03652
371,2025-940228,BSCS,71.87955,0,20,78.74,76.84692,82.15995,60.36261,47.44276,71.87955,1.93427
372,2025-667225,BSCS,70.64251,0,23,63.28,66.17757,86.06919,61.65573,47.50209,70.64251,2.05435
373,2025-347765,BSIT,71.41982,0,19,49.22,74.33183,80.58411,66.38166,25.39581,71.41982,2.09874
374,2025-253787,BSDSA,70.75082,0,22,82.86,100.0,69.0498,60.32096,46.3077,70.75082,1.90795
375,2025-616962,BSIT,71.07134,0,18,62.53,76.97986,71.56643,66.43408,44.01621,71.07134,2.1381
376,2025-828881,BLIS,70.56828,0,22,65.34,71.20071,91.66741,60.88531,30.36437,70.56828,1.93993
377,2025-466173,BSIT,70.133,0,21,47.58,47.84665,100.0,61.71268,41.75527,70.133,2.10478
378,2025-316783,BSIT,72.4252,0,20,59.17,77.98921,85.95708,60.13281,40.03941,72.4252,1.94912
379,2025-348714,BSIT,72.28692,0,25,42.52,61.3132,67.27458,73.07397,47.12015,72.28692,2.37553
380,2025-207558,BSCS,71.8395,0,22,51.17,70.40595,80.71295,66.12501,34.63233,71.8395,2.11408
381,2025-215574,BSDSA,70.63887,0,20,62.12,80.6431,79.62749,63.68992,34.52722,70.63887,2.02062
382,2025-427921,BSCS,71.6292,0,25,49.82,67.21325,77.08504,67.39266,42.58734,71.6292,2.19193
383,2025-934226,BLIS,69.79825,0,21,53.1,71.85789,80.82115,65.66689,34.97994,69.79825,2.12611
384,2025-131479,BSCS,71.07776,0,18,67.58,86.05455,88.46192,56.27378,41.77939,71.07776,1.84246
385,2025-494248,BSCS,71.36263,0,25,91.85,100.0,100.0,45.69315,44.93645,71.36263,1.4908
386,2025-640091,BSCS,70.68143,0,22,52.36,83.41654,84.96385,58.99333,41.36275,70.68143,1.97276
387,2025-325323,BSIT,71.63207,0,22,73.26,79.83602,99.02403,53.51369,39.51133,71.63207,1.73387
388,2025-428053,BSCS,71.82568,0,18,44.08,87.84688,69.63774,66.90742,34.68083,71.82568,2.13604
389,2025-866976,BSIT,67.45352,0,23,44.65,59.42912,68.20901,76.47566,33.42275,67.45352,2.4482
390,2025-661262,BSCS,69.7879,0,25,45.01,62.72379,43.30888,86.75895,39.43879,69.7879,2.68186
391,2025-761942,BSCS,70.52832,0,24,52.34,73.56727,62.36663,74.11203,39.16358,70.52832,2.32525
392,2025-929847,BLIS,71.46624,0,19,69.75,83.91811,73.37518,66.00247,37.01351,71.46624,2.02569
393,2025-597559,BSIT,74.14925,0,18,67.07,74.14102,65.33283,70.48015,50.0,74.14925,2.16821
394,2025-242966,BSDSA,70.85135,0,24,47.61,76.58258,66.13557,72.95444,32.44391,70.85135,2.26965
395,2025-653287,BSCS,69.36568,0,19,55.23,86.41337,81.26981,62.04867,34.68622,69.36568,2.00268
396,2025-313465,BLIS,69.39901,0,24,48.42,76.57392,65.95661,74.18912,27.07699,69.39901,2.29187
397,2025-166495,BSCS,73.75835,0,23,78.76,83.30573,82.17212,59.72247,49.09575,73.75835,1.85232
398,2025-632366,BSCS,73.61899,0,18,68.83,88.88762,100.0,50.21275,43.95836,73.61899,1.63568
399,2025-765916,BLIS,72.66951,0,25,52.82,71.91146,77.56176,68.1487,36.05592,72.66951,2.11998
400,2025-755491,BSCS,69.77513,0,22,41.32,62.35276,77.09418,72.06239,32.41522,69.77513,2.29437
401,2025-360586,BSCS,70.3139,0,20,48.19,85.00568,70.92434,67.94707,35.03567,70.3139,2.15108
402,2025-819001,BSCS,71.88513,0,21,75.23,88.1504,88.5063,56.82675,42.13942,71.88513,1.78164
403,2025-828284,BSCS,72.07966,0,20,42.53,81.91002,77.56805,65.47944,35.63154,72.07966,2.09051
404,2025-523545,BSIT,70.85844,0,22,61.21,79.76561,72.85725,67.89889,38.52991,70.85844,2.10901
405,2025-359504,BSIT,70.63047,0,25,91.54,100.0,100.0,47.58002,42.35847,70.63047,1.50375
406,2025-275679,BSIT,73.29117,0,23,49.77,74.31738,88.56531,61.95973,37.62669,73.29117,1.97094
407,2025-351804,BSCS,72.75063,0,23,70.18,81.91423,73.93672,65.27808,46.31832,72.75063,2.01272
408,2025-703280,BLIS,74.61292,0,19,65.28,89.11979,88.07531,57.90244,37.14715,74.61292,1.77521
409,2025-675221,BSCS,74.4757,0,23,88.37,82.41165,100.0,52.34131,45.28737,74.4757,1.59562
410,2025-339912,BSCS,68.06859,0,18,41.92,65.9095,61.75765,78.18822,36.45518,68.06859,2.47485
411,2025-558922,BSCS,73.69974,0,25,46.75,92.03933,70.1452,64.03393,47.33832,73.69974,2.05575
412,2025-720391,BLIS,71.4293,0,19,82.89,100.0,79.42591,58.06184,42.42857,71.4293,1.77246
413,2025-230196,BSIT,71.68979,0,21,92.11,76.53089,80.96205,63.84746,45.0073,71.68979,1.90073
414,2025-181784,BSIT,72.48769,0,20,68.78,73.62435,93.36936,60.51695,35.36369,72.48769,1.85565
415,2025-371366,BSCS,73.01907,0,20,55.51,78.68094,95.17857,57.92351,36.3512,73.01907,1.83806
416,2025-444315,BSIT,71.66398,0,25,54.67,56.57733,94.80982,66.02016,30.1562,71.66398,2.04436
417,2025-354242,BSIT,73.12341,0,24,41.47,62.86967,60.53215,79.09547,41.22149,73.12341,2.4348
418,2025-658136,BSCS,72.91705,0,18,88.79,79.59052,100.0,53.22356,47.64739,72.91705,1.64144
419,2025-454135,BSIT,76.41404,1,24,68.9,81.67732,80.60716,62.48086,46.99544,76.41404,1.88107
420,2025-999497,BSCS,71.98209,0,20,55.38,92.44288,93.75162,54.18165,39.62418,71.98209,1.7622
421,2025-146533,BSCS,74.23147,0,21,55.77,93.92796,62.43176,68.85252,42.36094,74.23147,2.08861
422,2025-979029,BSIT,76.26377,1,25,88.01,98.67197,100.0,47.13501,50.0,76.26377,1.43836
423,2025-237064,BSIT,73.48477,0,24,89.21,98.9706,83.92553,55.8401,46.36843,73.48477,1.66853
424,2025-876574,BLIS,74.05242,0,20,54.66,64.8512,73.76483,71.608,44.32158,74.05242,2.19253
425,2025-601290,BSIT,72.27146,0,19,43.18,75.49182,63.3578,75.01139,37.51869,72.27146,2.30671
426,2025-405930,BSCS,75.32043,0,25,84.51,89.79519,79.38624,61.46861,43.71027,75.32043,1.78584
427,2025-792508,BSCS,72.11821,0,20,54.88,74.12818,63.44522,75.51664,36.82528,72.11821,2.27222
428,2025-298191,BSIT,72.73837,0,20,45.98,62.26999,62.9873,78.13004,42.76889,72.73837,2.39826
429,2025-885008,BSCS,74.24632,0,25,68.51,82.71486,89.04096,60.051,37.63223,74.24632,1.80781
430,2025-814189,BSIT,73.653,0,18,74.8,80.55431,94.7858,56.86894,42.50732,73.653,1.74049
431,2025-209656,BSCS,72.28638,0,18,60.26,92.83789,77.6631,62.72999,37.73733,72.28638,1.92772
432,2025-630575,BSCS,74.49434,0,24,80.95,85.40004,81.73911,60.48359,50.0,74.49434,1.82022
433,2025-239368,BSCS,74.0992,0,18,77.1,89.17852,90.39325,56.73033,41.9259,74.0992,1.70787
434,2025-815034,BSIT,71.5386,0,23,63.42,86.01223,100.0,52.71724,42.8453,71.5386,1.7136
435,2025-467479,BSDSA,72.95736,0,24,50.34,74.95166,79.89503,66.6929,40.10019,72.95736,2.07297
436,2025-336000,BSIT,71.74912,0,23,72.03,86.57821,79.23508,63.95444,38.07966,71.74912,1.92045
437,2025-198767,BSCS,77.30739,1,21,85.94,100.0,87.51151,53.4686,50.0,77.30739,1.56918
438,2025-675766,BSIT,72.43794,0,18,60.27,87.49429,62.73437,71.31321,41.51444,72.43794,2.14715
439,2025-150596,BSCS,71.89846,0,22,76.13,83.28853,100.0,52.50655,48.83068,71.89846,1.6788
440,2025-991798,BSCS,73.51181,0,24,85.71,92.18853,100.0,50.39573,46.11626,73.51181,1.54346
441,2025-511870,BSIT,73.4953,0,18,69.51,77.53607,95.78988,58.26703,39.29782,73.4953,1.77627
442,2025-478596,BSIT,72.90011,0,19,91.02,85.96516,98.01024,52.56241,50.0,72.90011,1.60567
443,2025-143875,BSCS,72.32837,0,20,72.87,65.92912,83.51311,66.2119,48.14046,72.32837,2.02168
444,2025-569720,BSIT,72.52278,0,22,86.2,93.42785,92.06561,54.20523,46.17263,72.52278,1.64263
445,2025-850525,BSIT,73.49912,0,21,51.68,71.35933,54.47152,80.54183,41.81356,73.49912,2.39276
446,2025-486322,BLIS,72.79252,0,23,93.19,89.31259,95.0695,53.25613,50.0,72.79252,1.60722
447,2025-238103,BSCS,70.50139,0,24,68.22,80.76828,75.17262,67.58143,40.99707,70.50139,2.05088
448,2025-644751,BLIS,72.51956,0,21,44.29,99.74033,82.62179,59.9517,32.17033,72.51956,1.87314
449,2025-284570,BSCS,71.16715,0,19,49.98,76.56583,60.82085,77.91695,32.02624,71.16715,2.31903
450,2025-954118,BSIT,73.7081,0,18,72.68,91.81723,76.8674,63.67044,40.43789,73.7081,1.873
451,2025-762275,BSIT,77.28691,1,25,75.16,83.81238,83.47083,61.55831,46.95792,77.28691,1.79062
452,2025-148251,BSIT,70.4463,0,18,44.18,53.28681,70.17379,79.22463,37.7082,70.4463,2.42776
453,2025-641130,BSCS,75.52324,0,20,50.67,69.88701,78.89964,70.08248,37.11967,75.52324,2.08306
454,2025-603925,BSIT,71.46442,0,19,65.66,74.07384,82.87864,66.87807,37.43184,71.46442,2.00679
455,2025-262605,BSDSA,72.01518,0,23,49.29,71.6115,79.58355,69.56466,35.94499,72.01518,2.1227
456,2025-977477,BSDSA,75.10693,0,22,78.55,80.05932,69.47505,69.34598,50.0,75.10693,2.00991
457,2025-501340,BSIT,74.70254,0,22,70.23,83.78486,81.73791,63.67743,42.10363,74.70254,1.87271
458,2025-936468,BSIT,71.87269,0,25,72.51,100.0,65.76479,66.88561,41.94744,71.87269,1.97082
459,2025-636630,BSIT,71.53031,0,19,49.83,63.30182,94.67181,63.5889,41.2115,71.53031,2.01372
460,2025-417362,BSIT,75.90153,0,23,54.82,80.46572,86.52057,64.25699,32.61092,75.90153,1.88432
461,2025-857706,BSCS,71.47501,0,23,51.06,64.58077,70.18179,77.58541,30.70367,71.47501,2.29333
462,2025-332436,BSCS,73.30228,0,19,47.81,52.39115,88.8688,71.45271,32.9964,73.30228,2.15037
463,2025-790286,BSIT,70.23529,0,22,49.68,56.95401,63.26454,81.98697,37.59016,70.23529,2.46271
464,2025-770111,BSIT,72.55034,0,20,45.89,63.17568,71.91178,75.86958,37.38674,72.55034,2.28729
465,2025-841549,BSCS,71.41078,0,21,85.36,99.86637,76.22601,62.46381,38.60003,71.41078,1.80234
466,2025-454151,BSCS,71.72898,0,23,63.63,96.80995,86.87328,59.16985,33.41422,71.72898,1.78086
467,2025-881750,BSIT,72.36915,0,21,62.34,85.05586,75.89614,65.34347,47.64114,72.36915,2.00153
468,2025-613359,BSIT,75.61089,0,19,95.93,82.29543,96.46361,55.42814,50.0,75.61089,1.59058
469,2025-921673,BSIT,73.59129,0,22,42.32,76.66808,67.90351,73.96634,37.44256,73.59129,2.22507
470,2025-452979,BLIS,75.20871,0,25,72.92,82.02698,63.98093,73.21229,42.99771,75.20871,2.08099
471,2025-374760,BSCS,73.02802,0,25,56.73,74.25047,85.74663,64.26753,45.37065,73.02802,1.98167
472,2025-424191,BSCS,69.41484,0,18,50.03,94.5334,85.03966,63.15407,22.42589,69.41484,1.9125
473,2025-767186,BSCS,70.5983,0,24,64.55,76.97258,79.87705,68.06854,37.26476,70.5983,2.03792
474,2025-987560,BSIT,74.69604,0,20,42.26,57.92892,76.32709,75.44282,37.934,74.69604,2.25647
475,2025-534508,BSCS,75.33875,0,24,46.43,82.61909,53.61001,79.15247,39.49741,75.33875,2.30459
476,2025-220535,BSIT,72.5679,0,20,72.57,72.22497,100.0,57.79527,45.96655,72.5679,1.77083
477,2025-620910,BSIT,74.44201,0,23,57.16,88.16011,83.58078,60.43131,50.0,74.44201,1.87204
478,2025-719590,BSCS,74.51762,0,19,67.04,78.14777,84.94911,66.34579,32.16398,74.51762,1.89499
479,2025-774170,BSIT,69.77181,0,18,59.8,87.20101,72.47861,68.83055,37.44053,69.77181,2.0771
480,2025-530249,BSDSA,73.26163,0,22,48.3,92.51097,86.40073,60.83745,34.94591,73.26163,1.85772
481,2025-443704,BSIT,73.59286,0,20,42.55,63.68427,75.71701,75.09007,33.99577,73.59286,2.23424
482,2025-459202,BSIT,73.7583,0,25,90.64,92.20673,79.45284,62.99976,42.77629,73.7583,1.76622
483,2025-771627,BSCS,73.10652,0,25,58.41,97.55099,68.35552,67.29895,41.04294,73.10652,1.99598
484,2025-629856,BSCS,73.6346,0,25,78.73,93.63259,73.25669,66.38832,40.04046,73.6346,1.87879
485,2025-652961,BSIT,76.66687,1,21,70.55,66.81615,70.48319,75.75678,40.39546,76.66687,2.1108
486,2025-500713,BSCS,72.13325,0,23,54.57,68.955,65.35786,77.73322,40.53546,72.13325,2.29165
487,2025-386395,BSCS,75.92984,0,19,88.07,91.34514,99.70588,51.96998,50.0,75.92984,1.50561
488,2025-205580,BSIT,72.94318,0,23,40.74,69.70513,53.65347,83.38915,40.62623,72.94318,2.46847
489,2025-433068,BSCS,74.44104,0,18,59.49,73.04297,73.87843,72.07954,41.73903,74.44104,2.1001
490,2025-735476,BSCS,73.58973,0,23,80.5,100.0,72.12776,64.07578,46.25298,73.58973,1.83503
491,2025-922199,BSDSA,73.71067,0,20,95.91,100.0,100.0,49.53923,49.39486,73.71067,1.43699
492,2025-326233,BSDSA,73.35575,0,22,70.67,77.75364,88.57803,62.57754,46.37622,73.35575,1.85866
493,2025-491044,BSCS,75.41683,0,18,52.76,63.2027,72.63044,76.78097,37.34072,75.41683,2.2051
494,2025-539678,BSCS,73.45566,0,24,89.57,100.0,88.41084,57.14845,40.88424,73.45566,1.6055
495,2025-710512,BSCS,76.22198,1,19,46.62,77.91342,76.2586,70.51037,37.82431,76.22198,2.05556
496,2025-135603,BSDSA,72.26162,0,20,53.2,80.85698,64.99348,76.46353,31.9376,72.26162,2.20424
497,2025-170536,BSIT,72.82587,0,24,60.38,80.67046,73.5416,71.49515,35.78133,72.82587,2.0654
498,2025-798254,BSDSA,75.01732,0,21,63.25,68.53861,72.59914,73.78261,45.0029,75.01732,2.12722
499,2025-227125,BSIT,74.79244,0,24,63.96,71.95123,82.53339,67.53621,46.52971,74.79244,1.98147
500,2025-407370,BSIT,72.65008,0,19,41.73,66.71245,72.38123,76.30371,36.25992,72.65008,2.2684
501,2025-898033,BSCS,72.72111,0,19,54.05,69.65286,69.06775,77.61143,33.66842,72.72111,2.23423
502,2025-711764,BSIT,72.74589,0,18,61.85,70.84119,58.74924,79.15602,50.0,72.74589,2.31695
503,2025-527525,BSDSA,72.49633,0,20,93.35,100.0,86.15888,56.9645,48.73255,72.49633,1.63275
504,2025-686155,BSIT,75.89219,0,21,78.65,86.48576,99.25555,55.15333,45.56525,75.89219,1.58817
505,2025-115136,BSCS,74.22154,0,25,42.4,82.68176,64.89185,75.72043,34.50421,74.22154,2.2027
506,2025-851134,BLIS,71.07185,0,25,68.49,94.80199,73.63739,68.02389,32.9489,71.07185,1.94683
507,2025-214667,BSIT,75.06338,0,22,57.82,65.69376,91.78937,66.15013,41.06363,75.06338,1.94068
508,2025-676726,BSCS,72.84827,0,19,41.22,81.62569,61.49958,77.27009,38.29336,72.84827,2.27855
509,2025-434777,BSIT,72.98251,0,21,97.67,100.0,82.70411,58.8875,50.0,72.98251,1.64915
510,2025-725688,BSIT,74.86346,0,23,69.39,79.58298,95.44947,58.67789,50.0,74.86346,1.74257
511,2025-677798,BSDSA,72.32189,0,21,62.46,60.98584,96.06476,65.90071,40.50686,72.32189,1.95235
512,2025-276557,BSDSA,73.82747,0,25,61.31,84.82474,79.16347,66.29284,45.24642,73.82747,1.94496
513,2025-290648,BSCS,74.48331,0,20,93.32,81.37485,86.44107,62.8559,50.0,74.48331,1.7467
514,2025-114357,BSIT,75.29729,0,20,55.01,63.94526,63.53835,81.67225,39.43499,75.29729,2.30118
515,2025-261651,BSCS,77.60941,1,20,93.92,85.00478,100.0,55.8993,45.73104,77.60941,1.50253
516,2025-759550,BSIT,72.63918,0,23,73.48,94.78076,71.20549,68.60317,39.94924,72.63918,1.93114
517,2025-151004,BSIT,73.14869,0,19,79.86,83.57726,89.02792,63.63805,37.3198,73.14869,1.77323
518,2025-929250,BLIS,71.75544,0,18,48.5,75.62831,77.96519,72.84113,30.97653,71.75544,2.1173
519,2025-654921,BSIT,75.82589,0,20,46.68,85.97223,81.44356,67.73248,32.47953,75.82589,1.93497
520,2025-771906,BSIT,73.13204,0,25,53.56,69.21596,75.50355,74.49615,38.79703,73.13204,2.15588
521,2025-949392,BSIT,77.22483,1,23,92.76,93.81846,92.30712,56.59127,50.0,77.22483,1.53513
522,2025-564477,BSCS,76.00743,1,23,45.38,74.38734,53.41719,84.41736,37.48,76.00743,2.36626
523,2025-122205,BSCS,76.45551,1,24,43.29,70.69483,77.82753,73.09832,38.82191,76.45551,2.10406
524,2025-655531,BLIS,73.28322,0,24,76.57,87.56788,88.51633,61.06507,47.06439,73.28322,1.75845
525,2025-550428,BSCS,72.76979,0,22,99.41,100.0,100.0,51.03502,50.0,72.76979,1.43804
526,2025-640966,BSDSA,76.89448,1,23,79.97,95.3069,100.0,53.52828,44.97964,76.89448,1.48735
527,2025-814562,BSCS,73.32124,0,23,43.22,71.55237,55.01606,86.40904,29.11828,73.32124,2.42137
528,2025-114554,BSCS,72.40712,0,20,77.51,87.70883,85.47882,65.63616,33.81569,72.40712,1.80403
529,2025-861217,BSCS,75.41537,0,19,51.28,81.72899,66.12637,77.93953,30.12109,75.41537,2.14089
530,2025-343337,BSCS,75.01018,0,23,52.52,81.83412,93.20946,62.90575,37.94494,75.01018,1.81657
531,2025-491326,BSCS,73.87266,0,21,49.37,54.17527,86.67858,73.60756,42.31366,73.87266,2.14701
532,2025-541408,BSCS,75.49547,0,18,47.1,99.24088,78.6309,63.55056,45.39205,75.49547,1.86617
533,2025-306709,BSIT,72.61894,0,20,42.91,56.47998,71.1968,81.91929,36.31421,72.61894,2.36026
534,2025-375863,BSDSA,75.48711,0,24,75.86,100.0,83.90986,59.78992,50.0,75.48711,1.68185
535,2025-707514,BSDSA,75.32612,0,23,97.42,91.48671,100.0,54.32565,50.0,75.32612,1.47321
536,2025-771357,BSIT,73.57908,0,18,67.21,94.48564,83.57983,64.64249,35.76456,73.57908,1.79505
537,2025-433057,BSCS,77.40035,1,22,54.63,67.38201,62.75176,81.85281,42.58633,77.40035,2.251
538,2025-939990,BSIT,73.61514,0,25,55.38,74.71774,78.65109,72.09293,40.85304,73.61514,2.05908
539,2025-816685,BSCS,70.44706,0,19,54.52,64.26257,71.44028,79.612,36.97351,70.44706,2.28338
540,2025-200626,BSCS,77.52757,1,18,62.92,71.09114,82.24705,70.42043,46.4806,77.52757,1.95219
541,2025-875863,BSIT,74.87366,0,25,72.7,88.75125,87.15182,63.46238,43.17203,74.87366,1.75539
542,2025-206884,BSCS,73.21802,0,19,52.79,77.5056,71.74462,76.15858,35.18327,73.21802,2.13637
543,2025-957963,BLIS,76.17544,1,24,57.6,85.371,71.72187,71.10378,49.48652,76.17544,2.00716
544,2025-434967,BSCS,76.04004,1,19,93.26,100.0,97.29193,53.8742,50.0,76.04004,1.44282
545,2025-698556,BSIT,75.29275,0,23,40.28,82.00256,78.468,70.13582,42.75921,75.29275,2.03656
546,2025-240147,BSCS,72.66183,0,25,47.92,87.47456,79.11957,70.19078,33.09674,72.66183,1.9965
547,2025-849016,BSCS,74.68365,0,22,44.71,71.19734,63.62489,82.99131,32.36534,74.68365,2.29314
548,2025-560054,BSIT,74.61916,0,19,80.91,94.38438,81.80796,65.59409,39.16317,74.61916,1.74568
549,2025-680683,BSCS,76.96325,1,23,67.8,82.88305,75.5923,71.19617,43.96081,76.96325,1.92722
550,2025-421192,BSCS,74.83821,0,19,47.91,91.65985,71.23124,70.93933,43.29616,74.83821,2.02289
551,2025-508198,BSDSA,75.39432,0,24,59.36,66.814,66.19886,80.24113,47.47136,75.39432,2.22735
552,2025-544589,BSCS,76.25383,1,24,92.88,89.53657,89.55474,62.15561,45.78134,76.25383,1.61747
553,2025-900224,BSCS,75.99487,0,24,46.34,57.47928,85.09971,76.96697,31.14356,75.99487,2.11769
554,2025-643671,BLIS,77.64104,1,18,41.65,66.15494,70.13105,79.52181,43.04547,77.64104,2.22033
555,2025-873819,BSIT,75.19039,0,18,67.78,88.26115,87.22461,63.07704,50.0,75.19039,1.77305
556,2025-832088,BSIT,73.314,0,22,55.37,77.98423,74.96298,75.06779,36.18231,73.314,2.08207
557,2025-854005,BSDSA,77.6101,1,21,84.11,71.88247,100.0,61.62671,50.0,77.6101,1.64674
558,2025-987518,BSDSA,73.92744,0,22,64.3,83.78971,76.89933,71.37729,41.25559,73.92744,1.96685
559,2025-768166,BLIS,73.4626,0,25,70.39,87.2361,77.14364,71.70816,33.88772,73.4626,1.91943
560,2025-424928,BSDSA,76.81915,1,25,52.26,80.00601,74.06853,74.27497,39.79049,76.81915,2.03298
561,2025-871095,BSCS,74.95541,0,19,46.99,70.92551,69.42329,80.31421,35.12579,74.95541,2.21227
562,2025-571604,BSCS,74.41537,0,21,50.37,80.09122,84.51896,71.29164,28.99877,74.41537,1.95292
563,2025-720957,BSIT,75.73018,0,22,64.89,73.4981,77.25854,76.75448,29.9404,75.73018,2.01367
564,2025-695441,BLIS,77.87403,1,24,42.7,86.32872,60.33081,79.59472,38.97266,77.87403,2.16862
565,2025-176117,BSCS,76.53918,1,19,74.4,85.80611,72.93966,72.30513,44.82336,76.53918,1.91605
566,2025-249107,BSCS,73.12771,0,19,59.24,86.0094,78.76634,71.23245,35.31547,73.12771,1.95973
567,2025-740915,BSIT,75.49844,0,24,83.32,85.66883,79.57685,68.43952,47.98093,75.49844,1.81847
568,2025-983242,BSDSA,75.69493,0,19,44.37,75.09026,54.37738,85.03737,43.97292,75.69493,2.35815
569,2025-888907,BSCS,74.20679,0,21,72.26,97.22872,89.91384,61.03048,42.06558,74.20679,1.66686
570,2025-946422,BSCS,78.74132,1,25,65.43,91.03244,77.78073,67.53939,49.24662,78.74132,1.81679
571,2025-161321,BSIT,77.07642,1,22,77.15,72.4969,89.64708,67.70047,46.64272,77.07642,1.80244
572,2025-545576,BSCS,75.91358,0,18,87.31,98.74325,100.0,54.06783,50.0,75.91358,1.4462
573,2025-954512,BSCS,76.58081,1,25,67.92,75.90125,81.37613,71.43487,44.31585,76.58081,1.9193
574,2025-797420,BSDSA,78.39715,1,22,83.15,100.0,89.66291,59.0646,49.5664,78.39715,1.53709
575,2025-291454,BSCS,74.24464,0,18,71.58,85.16295,75.76005,70.88097,47.68301,74.24464,1.93534
576,2025-398406,BSIT,76.59181,1,25,51.72,65.6104,45.97977,93.79705,36.96473,76.59181,2.49101
577,2025-956315,BSCS,75.93375,0,21,65.78,81.34487,87.48143,69.83563,29.48006,75.93375,1.8214
578,2025-408585,BSIT,74.8824,0,19,55.23,75.98777,92.36257,66.75128,41.05536,74.8824,1.86471
579,2025-884890,BSDSA,76.01949,1,21,65.64,92.7859,82.07966,65.58738,47.48804,76.01949,1.79389
580,2025-109068,BSCS,76.53827,1,21,85.53,100.0,94.89581,57.33475,45.98425,76.53827,1.49452
581,2025-946245,BSCS,76.72642,1,21,49.16,67.17494,76.34451,77.87033,39.1018,76.72642,2.1222
582,2025-802015,BSIT,76.70853,1,19,97.58,100.0,97.90804,55.44984,48.14556,76.70853,1.40745
583,2025-981721,BSIT,74.09925,0,23,61.3,100.0,81.57885,63.29032,49.99966,74.09925,1.79027
584,2025-488144,BLIS,74.54188,0,19,48.42,67.78454,64.05944,84.8963,34.17547,74.54188,2.30266
585,2025-811045,BSDSA,77.06523,1,20,66.09,74.87774,82.76432,73.0082,36.22161,77.06523,1.9104
586,2025-846841,BSDSA,75.6355,0,18,51.31,74.32897,83.00705,74.77932,27.96266,75.6355,1.99388
587,2025-244924,BSDSA,75.29335,0,20,45.22,80.79413,97.45224,65.6073,28.23897,75.29335,1.79865
588,2025-771304,BSCS,77.08489,1,25,42.71,76.06707,85.18137,68.85469,50.0,77.08489,1.96509
589,2025-492046,BLIS,80.09254,1,19,58.25,85.81429,87.05024,67.0924,39.74058,80.09254,1.7544
590,2025-920644,BSIT,75.8167,0,20,54.69,76.11985,62.59318,82.94275,36.49053,75.8167,2.2081
591,2025-742694,BSIT,75.62721,0,20,65.3,95.02676,95.52226,60.64693,37.53024,75.62721,1.62228
592,2025-326009,BSIT,78.61957,1,20,50.54,74.40921,49.73314,90.46097,34.26343,78.61957,2.34786
593,2025-508942,BSCS,78.45674,1,24,57.01,82.29769,78.76324,73.63756,34.00619,78.45674,1.91311
594,2025-983610,BSCS,74.66329,0,22,67.71,84.21314,79.92309,72.95895,31.79905,74.66329,1.90177
595,2025-546253,BLIS,77.3479,1,23,56.3,69.65173,85.41845,72.61167,41.65321,77.3479,1.955
596,2025-704831,BSIT,75.82951,0,25,43.15,69.16088,71.2913,81.6185,32.83374,75.82951,2.20535
597,2025-328019,BSCS,78.0588,1,23,88.98,96.55041,100.0,56.15315,47.36967,78.0588,1.42274
598,2025-924464,BSIT,75.82782,0,19,76.86,100.0,77.7567,67.28436,42.2533,75.82782,1.74623
599,2025-929691,BSCS,76.48448,1,24,60.45,66.95651,81.43644,75.81652,40.27809,76.48448,2.02156
600,2025-227305,BSIT,76.27036,1,23,40.88,57.46051,94.62165,74.18503,29.86022,76.27036,2.02101
601,2025-747634,BLIS,75.15512,0,21,54.85,67.82033,71.86747,79.69752,44.08657,75.15512,2.17315
602,2025-147850,BSCS,78.72766,1,25,52.31,81.93055,67.78105,77.85476,42.44476,78.72766,2.0623
603,2025-520797,BSIT,77.97464,1,21,49.43,89.63592,61.06399,78.88914,42.66753,77.97464,2.10483
604,2025-301733,BLIS,76.93204,1,25,70.26,85.47198,72.89425,73.70548,45.38722,76.93204,1.92954
605,2025-638048,BSIT,78.86221,1,18,68.68,71.15155,72.43465,79.2933,40.09177,78.86221,2.02506
606,2025-390209,BSCS,76.93324,1,21,99.43,95.1621,100.0,56.33425,50.0,76.93324,1.41005
607,2025-755239,BSCS,75.99382,0,21,81.48,75.67136,94.76594,67.539,36.37917,75.99382,1.71562
608,2025-149043,BSCS,76.62522,1,20,48.71,62.28319,61.71951,88.29824,36.00029,76.62522,2.34026
609,2025-832023,BSIT,78.06509,1,20,76.66,77.60646,80.02997,72.57031,46.36179,78.06509,1.86311
610,2025-763584,BSIT,76.43064,1,22,80.05,82.73588,93.47784,63.85815,48.65575,76.43064,1.67329
611,2025-993743,BSIT,74.36635,0,21,50.34,81.44159,56.75889,84.55823,38.9345,74.36635,2.27614
612,2025-139557,BSIT,78.78261,1,20,85.06,100.0,100.0,55.82943,46.90992,78.78261,1.39924
613,2025-768009,BSCS,76.66637,1,24,56.51,91.40929,75.25145,71.58572,42.91572,76.66637,1.91301
614,2025-553589,BSCS,73.94121,0,18,61.17,91.91668,63.30231,78.26247,38.78425,73.94121,2.0773
615,2025-824528,BSCS,77.26312,1,22,99.38,100.0,79.68254,65.40802,50.0,77.26312,1.61008
616,2025-953959,BSCS,76.20767,1,23,53.86,68.42868,74.64496,77.91781,47.41666,76.20767,2.12207
617,2025-603890,BSCS,77.12896,1,22,76.64,88.39172,100.0,60.20473,42.7975,77.12896,1.55224
618,2025-448696,BSIT,76.91878,1,21,53.4,68.17792,74.79281,81.16992,31.40161,76.91878,2.11276
619,2025-485659,BSIT,76.83306,1,24,57.24,77.16603,71.79697,79.07078,35.96611,76.83306,2.06282
620,2025-599747,BSIT,79.18303,1,22,74.75,85.69644,95.80575,61.75552,50.0,79.18303,1.59883
621,2025-564215,BLIS,78.52066,1,25,80.15,91.87046,95.99846,61.99481,39.31847,78.52066,1.53612
622,2025-928438,BSCS,77.76547,1,23,88.44,95.47701,85.52252,64.24253,48.96454,77.76547,1.61191
623,2025-955549,BSIT,75.81062,0,24,48.32,79.11478,63.20782,83.09431,35.25284,75.81062,2.20234
624,2025-946514,BSCS,76.23001,1,20,42.0,72.77008,91.03443,72.43084,28.74277,76.23001,1.93775
625,2025-923229,BSCS,75.14013,0,19,50.34,61.50839,70.14321,83.82155,41.05037,75.14013,2.26261
626,2025-301489,BLIS,77.12167,1,25,45.27,54.90227,90.55679,77.75032,30.38985,77.12167,2.05907
627,2025-167599,BSIT,76.40791,1,23,55.16,68.45548,74.29182,79.38095,42.75461,76.40791,2.11769
628,2025-890142,BSIT,76.80298,1,20,64.28,88.45347,89.5887,64.62329,48.44856,76.80298,1.73134
629,2025-762691,BSIT,75.1943,0,25,47.31,90.34707,89.56216,67.64804,31.23251,75.1943,1.81013
630,2025-943169,BSCS,77.84615,1,23,46.07,75.81622,80.24014,76.81471,30.69378,77.84615,2.00077
631,2025-198587,BSDSA,78.27312,1,19,95.72,85.18976,100.0,60.29605,50.0,78.27312,1.48323
632,2025-196877,BSCS,77.42914,1,21,78.3,89.4968,83.55147,67.9618,46.3842,77.42914,1.72934
633,2025-609745,BSCS,75.57964,0,19,62.02,90.01741,94.09342,62.68698,45.6591,75.57964,1.69339
634,2025-100641,BSIT,78.42775,1,25,57.36,69.91836,82.55534,74.54732,45.57449,78.42775,1.96571
635,2025-461858,BSIT,75.98183,0,18,62.48,88.13306,92.29776,65.47232,39.42439,75.98183,1.72173
636,2025-176080,BSDSA,75.50765,0,18,63.63,81.31536,74.24544,75.49055,45.02874,75.50765,1.99589
637,2025-294733,BSIT,76.59244,1,20,55.09,87.65395,79.03797,71.98791,41.2585,76.59244,1.90447
638,2025-104277,BSIT,77.70876,1,25,61.12,74.86763,70.47728,79.90942,42.23762,77.70876,2.06751
639,2025-731974,BSCS,79.12631,1,25,48.91,75.20324,75.38776,78.36708,37.58632,79.12631,2.03206
640,2025-263655,BSCS,76.07666,1,23,57.72,77.54242,81.45533,74.15032,40.21146,76.07666,1.95409
641,2025-158738,BSIT,75.44539,0,20,62.58,77.67859,97.65939,65.75778,41.70219,75.44539,1.74921
642,2025-307148,BLIS,77.71665,1,23,41.06,87.96261,58.30169,84.0204,33.63639,77.71665,2.18897
643,2025-946154,BSIT,79.19854,1,20,73.62,78.79973,76.55128,74.39635,49.91754,79.19854,1.88933
644,2025-720692,BSCS,79.29759,1,21,51.16,68.16011,81.97299,75.13253,48.76011,79.29759,1.99764
645,2025-287910,BLIS,74.61254,0,22,60.56,71.04345,99.85885,66.2196,44.93722,74.61254,1.79731
646,2025-343034,BSCS,76.08199,1,23,67.09,68.1122,91.48738,71.70637,43.11462,76.08199,1.87158
647,2025-220694,BSIT,76.99799,1,19,45.98,74.10199,74.57056,79.62181,36.8509,76.99799,2.09645
648,2025-310701,BSCS,77.22892,1,18,74.27,86.34358,91.77699,66.38882,41.81347,77.22892,1.67518
649,2025-297173,BSIT,77.73635,1,24,79.57,99.53491,97.6967,57.84119,50.0,77.73635,1.4693
650,2025-820400,BSDSA,78.27521,1,18,57.14,93.57794,88.41594,65.21016,45.55117,78.27521,1.70942
651,2025-184335,BSCS,76.71275,1,24,72.4,84.06118,67.88935,78.12198,46.67797,76.71275,1.99583
652,2025-183540,BSIT,78.23401,1,18,67.38,72.42608,75.83569,79.84094,36.36585,78.23401,1.9893
653,2025-777610,BLIS,76.58965,1,20,81.75,81.99695,88.37246,68.41504,48.06602,76.58965,1.73112
654,2025-169959,BSIT,79.3875,1,24,70.71,80.72192,74.84372,75.18428,50.0,79.3875,1.90306
655,2025-778871,BSIT,77.72506,1,23,51.86,71.49315,51.88573,90.54244,44.5643,77.72506,2.35439
656,2025-702527,BSCS,79.4658,1,19,76.28,69.03745,93.83164,70.01828,46.2621,79.4658,1.74515
657,2025-641645,BSDSA,79.51559,1,20,68.22,82.33101,92.23271,68.6946,36.9813,79.51559,1.68943
658,2025-725575,BLIS,77.14492,1,24,59.58,84.82052,76.70118,75.6774,37.43714,77.14492,1.92838
659,2025-187347,BSIT,76.07628,1,19,62.2,65.18345,90.69474,72.86437,46.02037,76.07628,1.92418
660,2025-927912,BSIT,77.08491,1,18,77.3,78.24451,83.53146,72.65336,45.63457,77.08491,1.82911
661,2025-804196,BSCS,77.26842,1,18,51.72,68.6619,74.44787,81.34084,39.75636,77.26842,2.11416
662,2025-402130,BSIT,78.47576,1,19,76.09,100.0,100.0,58.63153,42.78268,78.47576,1.44003
663,2025-766015,BLIS,79.19066,1,23,79.15,70.58422,88.10804,72.16483,49.49217,79.19066,1.79438
664,2025-619326,BSIT,77.27401,1,24,84.22,93.86068,81.04304,68.66148,50.0,77.27401,1.70333
665,2025-762360,BSIT,79.04088,1,20,69.52,92.79617,75.05569,73.14731,45.57805,79.04088,1.81423
666,2025-412061,BLIS,77.85743,1,24,49.0,72.83617,72.07372,83.0489,34.08342,77.85743,2.11071
667,2025-387117,BSCS,77.44556,1,21,58.29,67.00917,94.73098,74.25692,30.23665,77.44556,1.85487
668,2025-918754,BSIT,78.66991,1,22,84.6,98.41162,72.86291,73.84876,39.99779,78.66991,1.74123
669,2025-962465,BLIS,78.53872,1,18,59.05,70.95586,65.64971,86.13042,38.09533,78.53872,2.15174
670,2025-142337,BSIT,78.42429,1,19,55.39,76.15894,77.82717,78.50981,37.98796,78.42429,1.98045
671,2025-407491,BSIT,75.34265,0,23,56.66,62.63509,92.10573,74.97638,40.44131,75.34265,1.96153
672,2025-481114,BSCS,80.82162,1,25,72.47,77.10672,86.66661,72.8216,43.2283,80.82162,1.76012
673,2025-299564,BSIT,76.02147,1,20,58.65,71.08524,87.37434,74.22774,43.57416,76.02147,1.93188
674,2025-177278,BSIT,77.7678,1,25,76.93,99.28674,67.4533,74.88777,47.77565,77.7678,1.84426
675,2025-587805,BSCS,77.89506,1,24,63.76,71.53173,83.10605,77.92757,35.1046,77.89506,1.92911
676,2025-905684,BSIT,81.75587,1,24,56.7,80.09495,99.5255,66.81261,36.90376,81.75587,1.63004
677,2025-700938,BSIT,77.67162,1,23,72.12,85.16975,88.3068,71.46471,34.3112,77.67162,1.72773
678,2025-965484,BSDSA,79.66067,1,23,48.9,75.28683,74.64241,78.1683,50.0,79.66067,2.03183
679,2025-275339,BSIT,80.98283,1,25,60.12,78.04806,75.02816,78.13386,45.1883,80.98283,1.93907
680,2025-173512,BSCS,77.7524,1,25,63.44,92.04168,86.52939,69.25682,40.19485,77.7524,1.72752
681,2025-216625,BSCS,77.71851,1,19,67.05,81.08373,83.5387,74.11807,39.83714,77.71851,1.83717
682,2025-966627,BSCS,79.94796,1,21,78.31,79.24909,94.02801,67.45897,50.0,79.94796,1.64526
683,2025-739764,BSIT,78.33967,1,20,56.14,76.54996,84.58233,74.5831,42.3826,78.33967,1.89462
684,2025-242214,BSCS,76.5145,1,20,90.38,100.0,100.0,58.71804,48.003,76.5145,1.41425
685,2025-937571,BSIT,77.19498,1,22,61.03,78.09262,87.20254,75.79152,27.85026,77.19498,1.84959
686,2025-110341,BSIT,74.24782,0,19,40.84,76.33517,85.10878,77.37782,27.85063,74.24782,2.01669
687,2025-697876,BSIT,82.18614,1,20,57.52,76.91326,79.9707,78.10068,36.53425,82.18614,1.87999
688,2025-279842,BSCS,79.50123,1,22,98.25,96.77639,86.07094,66.92678,47.71008,79.50123,1.52792
689,2025-341524,BSCS,76.51694,1,23,48.58,72.86731,70.34939,85.03877,32.51563,76.51694,2.15428
690,2025-198768,BSIT,77.51251,1,23,45.7,84.6222,55.66162,87.38351,39.98334,77.51251,2.23208
691,2025-950705,BSCS,77.27402,1,24,74.46,85.46709,70.48061,80.08447,38.23829,77.27402,1.93627
692,2025-562605,BSCS,76.99743,1,24,48.32,62.53154,79.97288,81.6301,41.29956,76.99743,2.11483
693,2025-152125,BSCS,77.0053,1,22,42.34,82.92829,68.98459,81.75011,37.8796,77.0053,2.10731
694,2025-422195,BSCS,81.11257,1,23,44.2,72.24303,74.91305,82.53545,35.36339,81.11257,2.0485
695,2025-490115,BSCS,78.93686,1,21,97.04,84.94046,69.55382,79.85552,43.19758,78.93686,1.83468
696,2025-764751,BLIS,80.71759,1,25,87.09,87.99586,98.49707,63.98683,46.24358,80.71759,1.47423
697,2025-375800,BSDSA,81.49716,1,24,84.44,100.0,92.53775,63.87618,43.7528,81.49716,1.44783
698,2025-139174,BSCS,80.99733,1,19,71.15,84.75642,98.18309,66.37568,40.40489,80.99733,1.56319
699,2025-427077,BSCS,80.18713,1,25,84.01,88.12112,69.39376,77.95012,49.54126,80.18713,1.84327
700,2025-565484,BSDSA,78.12893,1,22,74.0,94.70771,78.39794,73.27103,40.69159,78.12893,1.7555
701,2025-908552,BSCS,76.98994,1,20,67.41,82.83057,91.39039,69.1163,47.23374,76.98994,1.73919
702,2025-364230,BSIT,78.55055,1,18,87.87,99.90291,89.35378,66.01577,42.55768,78.55055,1.52024
703,2025-872371,BSIT,78.45585,1,22,51.38,88.91866,81.98368,74.3825,35.69665,78.45585,1.84403
704,2025-321566,BSIT,78.55601,1,24,70.07,81.51733,65.68984,83.94066,40.28928,78.55601,2.02241
705,2025-977617,BSIT,75.33874,0,23,42.45,47.72605,61.44649,99.87163,21.93738,75.33874,2.50561
706,2025-741165,BSDSA,79.90281,1,23,55.95,67.4399,75.17272,81.73502,48.85024,79.90281,2.05616
707,2025-572672,BSDSA,79.68362,1,21,53.81,99.67827,74.30694,73.7884,42.5669,79.68362,1.82071
708,2025-791649,BSIT,77.98862,1,25,42.46,71.77176,76.22249,82.08089,38.18852,77.98862,2.0935
709,2025-461353,BSCS,81.45365,1,24,97.48,98.95954,95.68479,61.8645,50.0,81.45365,1.36693
710,2025-470030,BSCS,76.12445,1,24,64.76,77.06979,94.42931,72.36347,33.69721,76.12445,1.77326
711,2025-617996,BLIS,78.77837,1,22,58.49,85.76403,74.37241,78.45946,40.38566,78.77837,1.927
712,2025-802613,BSDSA,79.68061,1,20,67.75,87.10189,80.69757,74.4826,42.47638,79.68061,1.78892
713,2025-162643,BSCS,78.60909,1,19,47.56,79.10191,73.13862,81.65868,37.58426,78.60909,2.04154
714,2025-879908,BSDSA,80.32016,1,22,65.78,85.64844,96.78969,66.92859,42.32726,80.32016,1.60509
715,2025-504179,BSCS,77.83263,1,19,52.73,74.32125,68.19522,83.81522,46.60167,77.83263,2.13085
716,2025-230308,BSIT,80.20961,1,24,57.29,87.28726,64.75157,84.71665,31.3894,80.20961,2.01217
717,2025-132533,BLIS,80.5896,1,21,51.79,70.67,74.70014,82.70166,41.52286,80.5896,2.04164
718,2025-826942,BSCS,79.22708,1,24,44.71,69.28106,78.91514,80.79186,42.75991,79.22708,2.0523
719,2025-273017,BSIT,77.65731,1,24,46.25,63.45174,91.09836,78.87504,30.78864,77.65731,1.97169
720,2025-578907,BSCS,77.79669,1,23,66.44,73.27921,79.33007,78.93784,45.23173,77.79669,1.9513
721,2025-144417,BSCS,76.45043,1,21,78.03,82.93531,97.37683,67.98272,41.00301,76.45043,1.63267
722,2025-105378,BSCS,80.59774,1,19,48.05,74.94236,81.87748,77.39065,44.70713,80.59774,1.93617
723,2025-281622,BSCS,77.26301,1,20,72.8,88.40832,95.68125,65.74309,48.83428,77.26301,1.61715
724,2025-499930,BSCS,80.28292,1,25,92.16,98.34024,98.74033,61.97374,45.33437,80.28292,1.37523
725,2025-193176,BSDSA,79.68007,1,18,71.8,100.0,80.00752,71.84996,40.67734,79.68007,1.67783
726,2025-494484,BSIT,75.89793,0,23,40.48,47.59497,78.02408,89.88236,34.21051,75.89793,2.30666
727,2025-857151,BSIT,80.31463,1,25,74.71,88.02678,87.00083,70.10725,50.0,80.31463,1.6679
728,2025-838651,BSCS,79.08058,1,19,67.47,86.4676,86.19122,73.32869,38.36911,79.08058,1.7388
729,2025-182028,BSCS,81.81864,1,18,64.92,88.67565,92.62361,68.73539,42.30732,81.81864,1.61033
730,2025-181037,BSIT,79.47197,1,18,68.83,75.7401,96.87994,69.6295,46.76963,79.47197,1.68465
731,2025-911148,BSIT,74.73615,0,25,40.09,96.22581,66.08164,81.83781,31.99734,74.73615,2.08108
732,2025-683404,BSCS,81.32954,1,22,63.48,76.19883,82.24476,77.31233,44.53556,81.32954,1.84828
733,2025-837297,BSIT,81.64679,1,19,81.66,97.14894,99.2687,63.28388,40.74283,81.64679,1.3986
734,2025-491227,BSCS,76.09497,1,19,56.02,94.36239,87.52063,71.97965,31.01208,76.09497,1.75325
735,2025-208183,BSIT,80.7726,1,23,71.74,94.99916,76.03066,76.01819,38.64851,80.7726,1.74832
736,2025-163803,BSCS,78.85051,1,25,73.27,95.97314,100.0,63.56815,39.93682,78.85051,1.47753
737,2025-554390,BSIT,80.42795,1,24,78.71,88.79086,96.07526,68.15386,38.17512,80.42795,1.53508
738,2025-560424,BSCS,79.31812,1,18,82.17,84.76617,90.32159,70.97863,44.48494,79.31812,1.64024
739,2025-625975,BSIT,81.17158,1,24,49.34,64.23805,94.69591,77.09668,33.78319,81.17158,1.85364
740,2025-797253,BSCS,82.36764,1,21,78.05,90.51616,89.18489,68.76069,50.0,82.36764,1.57557
741,2025-814743,BSIT,79.29201,1,18,53.83,75.98031,78.78016,80.40405,39.6259,79.29201,1.9628
742,2025-848282,BSIT,78.02102,1,19,51.82,77.30695,76.12714,83.97408,26.97513,78.02102,2.0124
743,2025-628653,BSCS,79.91046,1,22,97.11,97.36504,100.0,62.08495,46.68897,79.91046,1.35407
744,2025-479933,BSIT,79.56315,1,22,65.04,80.16622,97.09187,68.07697,50.0,79.56315,1.6604
745,2025-899242,BLIS,77.55206,1,24,46.48,80.60785,69.08807,84.23069,38.60047,77.55206,2.09933
746,2025-255963,BLIS,80.22514,1,22,42.44,70.02618,76.50786,84.77091,33.35506,80.22514,2.06833
747,2025-946603,BSCS,81.10164,1,23,82.21,85.07661,78.29647,76.04933,50.0,81.10164,1.75336
748,2025-323949,BSIT,82.05236,1,20,70.85,75.92079,87.39955,74.27592,50.0,82.05236,1.7476
749,2025-314992,BSIT,78.99295,1,20,69.08,86.75445,85.84783,73.1024,43.52961,78.99295,1.73558
750,2025-247924,BSCS,76.28761,1,25,59.12,87.962,89.04055,71.78568,40.47476,76.28761,1.77074
751,2025-707765,BSIT,78.07299,1,19,49.95,75.91424,68.22271,86.5682,37.26092,78.07299,2.12505
752,2025-869762,BSCS,78.9574,1,18,94.84,95.09452,82.13317,71.33548,50.0,78.9574,1.61097
753,2025-655443,BSIT,79.82259,1,21,85.15,100.0,91.36111,65.25949,50.0,79.82259,1.48591
754,2025-833783,BSCS,78.5909,1,25,64.0,75.66159,62.28537,88.93773,40.8214,78.5909,2.13383
755,2025-513447,BSIT,79.99312,1,21,54.9,81.60234,72.98858,81.24935,43.85033,79.99312,1.97183
756,2025-242056,BSIT,83.00388,1,20,73.64,83.48483,93.55178,71.24571,40.54864,83.00388,1.58688
757,2025-428692,BSIT,80.2788,1,25,57.73,77.73501,92.73326,73.89008,38.434,80.2788,1.74994
758,2025-673546,BSCS,79.71221,1,24,64.53,77.16178,83.70728,76.36335,49.55683,79.71221,1.8447
759,2025-869020,BSCS,79.7463,1,20,42.18,59.08018,63.54422,94.02709,38.82381,79.7463,2.32017
760,2025-727741,BSIT,81.04152,1,20,93.27,100.0,94.43881,64.4854,48.23092,81.04152,1.39699
761,2025-224310,BSIT,79.51031,1,23,68.03,79.29289,85.33254,75.79776,45.77515,79.51031,1.79738
762,2025-593282,BSCS,80.02795,1,18,77.3,91.71422,92.68739,68.41038,46.35624,80.02795,1.56439
763,2025-663648,BSDSA,78.8192,1,19,47.49,87.80637,71.30525,82.66682,34.50196,78.8192,1.99082
764,2025-673066,BSCS,81.98908,1,25,79.29,71.12309,77.90774,82.33185,44.87237,81.98908,1.86714
765,2025-812559,BSIT,80.48824,1,21,69.65,71.75075,84.47562,79.78226,40.44693,80.48824,1.84587
766,2025-796182,BSIT,79.62403,1,25,72.38,77.15906,69.29864,86.25687,38.24136,79.62403,1.98764
767,2025-276322,BSCS,79.59881,1,19,49.69,73.29047,76.92797,83.19772,40.29885,79.59881,2.0182
768,2025-666269,BSIT,76.98286,1,18,60.8,63.90216,94.08164,79.60275,29.56482,76.98286,1.88488
769,2025-268268,BSCS,81.20601,1,22,67.55,63.51958,91.04796,78.64896,42.8771,81.20601,1.82977
770,2025-442785,BSIT,81.80417,1,25,71.81,86.245,99.08033,66.54593,49.34493,81.80417,1.52497
771,2025-135887,BSIT,81.95786,1,25,76.04,84.76009,80.71939,78.23075,39.05868,81.95786,1.7378
772,2025-836736,BSDSA,79.02729,1,24,63.53,85.29062,96.87733,68.71914,45.45256,79.02729,1.63659
773,2025-667697,BSCS,80.38601,1,24,74.73,87.44253,85.28093,73.2823,48.54051,80.38601,1.69199
774,2025-599117,BSIT,77.6385,1,22,55.61,66.43919,77.50814,85.73121,37.37016,77.6385,2.07373
775,2025-845947,BLIS,80.51635,1,24,75.92,93.8956,78.7489,74.37032,50.0,80.51635,1.71191
776,2025-364996,BSCS,82.81889,1,23,56.67,69.39569,94.0326,74.31709,48.92655,82.81889,1.76466
777,2025-786537,BSIT,80.95161,1,25,61.23,70.33027,91.76672,77.2302,38.6456,80.95161,1.79601
778,2025-201637,BSCS,78.7353,1,21,50.2,86.80931,62.44749,88.75477,29.87802,78.7353,2.09559
779,2025-232175,BSCS,80.34104,1,22,92.44,100.0,100.0,63.42488,43.02933,80.34104,1.34478
780,2025-334968,BLIS,78.23332,1,21,58.55,87.64479,74.79357,81.0003,37.7753,78.23332,1.91539
781,2025-925363,BSCS,79.16264,1,24,43.72,89.85997,77.3827,80.78013,29.14668,79.16264,1.91105
782,2025-114739,BSIT,81.2569,1,20,45.89,91.08951,78.4375,78.22372,37.71938,81.2569,1.84636
783,2025-647197,BLIS,82.5294,1,22,73.78,76.37758,72.86012,84.11575,44.46871,82.5294,1.89907
784,2025-714677,BSCS,80.33118,1,20,74.3,95.84513,85.76312,72.27853,42.64891,80.33118,1.62158
785,2025-586696,BSCS,78.4922,1,21,44.64,86.58967,72.86727,83.28746,33.82313,78.4922,1.99844
786,2025-767578,BSIT,79.23316,1,25,62.23,69.38832,75.51214,86.71646,35.8772,79.23316,2.0221
787,2025-303019,BLIS,82.76708,1,21,67.77,99.72655,76.65094,75.52614,43.85645,82.76708,1.68702
788,2025-735394,BSIT,81.45559,1,23,43.07,71.38108,96.9067,74.8492,39.12664,81.45559,1.7905
789,2025-394361,BSIT,79.67801,1,24,93.17,100.0,100.0,63.35619,46.37499,79.67801,1.35247
790,2025-544104,BSCS,77.91604,1,24,99.69,69.70231,100.0,72.85458,44.38982,77.91604,1.59696
791,2025-268646,BSCS,78.6064,1,24,78.18,88.5045,97.30963,69.71538,39.00987,78.6064,1.55383
792,2025-202979,BSIT,78.94306,1,20,73.47,75.56893,93.46476,73.32902,50.0,78.94306,1.7169
793,2025-355208,BLIS,82.23874,1,19,55.94,79.79059,89.57195,75.46639,42.77912,82.23874,1.74723
794,2025-592150,BSIT,80.58777,1,21,43.5,85.26582,63.04819,89.27092,31.87376,80.58777,2.09789
795,2025-842325,BSIT,81.84321,1,18,40.15,66.25598,73.65082,88.97264,35.75172,81.84321,2.11605
796,2025-753899,BSIT,82.97711,1,21,73.09,97.49682,84.7768,72.50174,43.53052,82.97711,1.58271
797,2025-805217,BSCS,78.1163,1,24,51.05,59.50428,77.33722,87.80382,42.66221,78.1163,2.14186
798,2025-775809,BSIT,82.03387,1,22,49.01,84.46696,81.04737,80.19901,34.06352,82.03387,1.84311
799,2025-459405,BSIT,81.41085,1,22,83.88,100.0,95.53389,65.75279,46.79758,81.41085,1.4155
800,2025-608603,BSCS,80.73638,1,19,62.75,88.10077,85.08503,78.53791,26.90296,80.73638,1.73139
801,2025-772308,BSIT,82.01688,1,18,81.57,93.26306,100.0,66.75776,40.84859,82.01688,1.41535
802,2025-476540,BSIT,81.21317,1,20,82.48,76.03768,91.13074,75.22863,47.20101,81.21317,1.6688
803,2025-321302,BSIT,82.79126,1,21,90.77,88.20388,87.95126,72.61818,50.0,82.79126,1.55121
804,2025-299526,BSCS,82.4416,1,21,67.55,72.38485,88.8548,79.68504,36.47832,82.4416,1.7654
805,2025-830845,BLIS,82.91849,1,20,77.11,86.60257,97.80878,70.03832,41.07895,82.91849,1.49834
806,2025-615610,BSIT,79.82249,1,19,54.39,83.32292,78.05899,82.70524,32.06501,79.82249,1.90199
807,2025-947236,BSCS,79.68797,1,22,56.26,79.49244,70.57675,87.24293,34.04414,79.68797,2.01709
808,2025-503528,BSIT,79.26324,1,18,50.17,81.06568,78.92042,82.73359,33.67346,79.26324,1.93554
809,2025-376177,BSDSA,78.60409,1,21,59.92,83.16069,63.61331,89.88695,33.22753,78.60409,2.07401
810,2025-247260,BSCS,80.50306,1,22,52.24,75.52857,78.42283,82.67869,43.77668,80.50306,1.95769
811,2025-466282,BSCS,77.52931,1,19,53.87,73.28174,78.6623,83.71985,41.43311,77.52931,2.01385
812,2025-152734,BSCS,79.58601,1,23,56.96,78.08067,79.45343,83.31098,34.40878,79.58601,1.9207
813,2025-477799,BSIT,80.76902,1,18,40.88,51.46123,88.61317,85.45208,40.79065,80.76902,2.06913
814,2025-452402,BSCS,80.99819,1,24,45.84,62.10128,80.52986,86.95392,37.57101,80.99819,2.0575
815,2025-238229,BSCS,81.20783,1,24,48.93,71.1523,75.74538,86.24894,39.48605,81.20783,2.02679
816,2025-488388,BSCS,83.5962,1,25,99.17,100.0,100.0,63.51401,50.0,83.5962,1.26578
817,2025-793309,BSIT,84.16192,1,25,89.46,84.60525,88.72376,73.8446,49.68257,84.16192,1.55404
818,2025-313380,BLIS,83.9644,1,24,66.22,65.34567,87.46452,82.33042,40.36868,83.9644,1.81935
819,2025-706674,BSIT,80.74182,1,21,47.58,93.22983,83.12819,76.48532,39.00532,80.74182,1.77443
820,2025-680118,BSDSA,81.11738,1,18,55.72,89.72621,88.18952,73.93135,44.82285,81.11738,1.70316
821,2025-426917,BLIS,81.38803,1,20,74.08,100.0,74.71751,78.74143,39.06863,81.38803,1.70486
822,2025-149164,BSIT,79.85738,1,24,56.06,74.6463,73.05449,86.28107,43.59919,79.85738,2.02422
823,2025-335086,BSIT,81.82486,1,22,75.84,100.0,75.36067,78.06899,41.12972,81.82486,1.68311
824,2025-821588,BSCS,82.39883,1,21,65.26,83.73506,80.41827,79.58474,45.39748,82.39883,1.78568
825,2025-491564,BSCS,83.96339,1,18,82.32,93.50857,100.0,68.28007,39.03953,83.96339,1.37924
826,2025-697339,BSIT,82.50361,1,20,77.02,84.29628,72.78522,83.5079,44.91201,82.50361,1.82407
827,2025-833902,BSIT,79.60763,1,20,40.43,65.84017,62.16188,95.89481,37.27944,79.60763,2.29189
828,2025-788226,BSIT,80.61849,1,22,59.96,92.68734,66.35646,87.116,31.5346,80.61849,1.93249
829,2025-136764,BSIT,83.50385,1,25,65.82,73.5774,81.19648,83.28783,42.58898,83.50385,1.83768
830,2025-552580,BSCS,81.09037,1,21,94.24,100.0,93.95229,67.5194,50.0,81.09037,1.39817
831,2025-968166,BSCS,83.00535,1,20,90.04,96.30001,86.34008,73.03837,47.50201,83.00535,1.50527
832,2025-299223,BSIT,81.55309,1,19,89.46,96.68188,91.7151,70.19073,48.95166,81.55309,1.46327
833,2025-679421,BSIT,81.55167,1,23,63.65,85.61377,100.0,69.46655,48.64198,81.55167,1.55566
834,2025-940007,BSCS,80.86676,1,24,55.4,82.59043,69.03021,88.16098,37.17467,80.86676,1.99545
835,2025-339255,BSCS,81.74461,1,19,45.91,75.9348,100.0,74.83309,36.94962,81.74461,1.70097
836,2025-782496,BSIT,81.86909,1,19,90.58,92.49501,97.6206,68.44775,50.0,81.86909,1.41637
837,2025-794763,BSCS,83.95654,1,19,80.35,92.91475,91.32031,71.94185,47.88174,83.95654,1.49613
838,2025-217199,BSIT,81.92976,1,19,49.06,68.71924,61.17131,97.34442,32.97584,81.92976,2.20907
839,2025-545258,BSCS,83.77843,1,20,87.53,81.44592,89.24518,77.0863,45.64225,83.77843,1.58692
840,2025-128239,BSIT,81.43776,1,20,75.5,79.80624,77.55173,82.56546,50.0,81.43776,1.82593
841,2025-111511,BSIT,79.18194,1,21,55.55,94.94169,76.50265,80.83672,39.02053,79.18194,1.83332
842,2025-595340,BSIT,80.83383,1,25,62.39,91.23451,69.47876,84.50091,43.87411,80.83383,1.89348
843,2025-839302,BSIT,78.02946,1,19,84.33,68.87008,95.20922,79.26562,39.2992,78.02946,1.72074
844,2025-573884,BSDSA,81.45803,1,21,80.16,95.38426,99.29176,67.72696,47.019,81.45803,1.42146
845,2025-793706,BSCS,83.15208,1,25,75.68,87.56673,96.46806,72.97063,39.68721,83.15208,1.5087
846,2025-409083,BSIT,82.99079,1,22,90.39,87.3519,96.08898,71.20395,50.0,82.99079,1.4587
847,2025-749418,BSIT,84.08304,1,19,46.36,84.19979,73.37826,85.2449,41.90073,84.08304,1.91509
848,2025-323495,BSIT,80.91357,1,23,48.17,70.28326,52.935,100.0,40.30628,80.91357,2.31522
849,2025-556438,BSCS,80.94099,1,22,69.49,89.17004,81.04024,79.50351,44.77163,80.94099,1.74114
850,2025-108317,BSIT,83.75342,1,23,66.72,74.01805,95.7115,76.87498,44.12844,83.75342,1.65238
851,2025-970784,BSDSA,82.17183,1,24,88.23,86.29358,100.0,71.3211,42.8465,82.17183,1.44198
852,2025-984390,BLIS,83.79308,1,20,51.86,66.88317,54.03433,100.0,43.55404,83.79308,2.26839
853,2025-717920,BSIT,81.35253,1,20,69.85,76.56132,94.1727,77.35095,42.02065,81.35253,1.6764
854,2025-708284,BSCS,81.2457,1,19,51.0,64.53266,67.06259,96.58915,31.65825,81.2457,2.17506
855,2025-468442,BSCS,81.54351,1,18,57.46,82.09679,77.54027,84.87349,37.7155,81.54351,1.87821
856,2025-815031,BSIT,81.38589,1,25,50.04,88.33652,77.05601,82.80708,39.92975,81.38589,1.8663
857,2025-719918,BSDSA,80.89113,1,19,74.02,82.85762,79.74566,84.06339,35.14262,80.89113,1.78985
858,2025-128257,BSIT,82.97212,1,20,72.52,78.66268,78.68718,83.58964,46.54704,82.97212,1.80882
859,2025-406304,BSIT,82.10282,1,20,63.42,71.50275,84.85777,83.00313,44.81371,82.10282,1.84236
860,2025-331802,BSCS,78.79178,1,19,65.86,95.55462,79.31988,78.94086,42.90508,78.79178,1.75962
861,2025-275873,BSIT,82.29456,1,19,48.93,56.23954,74.3234,94.02028,39.17082,82.29456,2.14577
862,2025-818837,BSCS,81.90431,1,20,50.54,76.92886,85.2561,82.68058,37.79364,81.90431,1.84887
863,2025-984720,BSCS,81.5268,1,25,46.61,83.99284,83.59227,81.66932,36.87251,81.5268,1.83408
864,2025-678209,BSIT,81.07519,1,18,75.64,84.37947,76.77507,84.12522,41.39572,81.07519,1.8039
865,2025-956770,BSCS,82.69846,1,19,41.41,77.18942,67.55781,92.94272,31.2259,82.69846,2.08298
866,2025-582730,BSIT,82.49938,1,25,59.72,84.64165,85.94055,79.95894,39.18798,82.49938,1.73271
867,2025-495407,BSIT,80.47007,1,24,40.68,74.00256,65.42531,96.07693,26.08949,80.47007,2.17263
868,2025-595091,BSCS,81.00604,1,18,90.32,88.05367,100.0,71.02156,43.90459,81.00604,1.43819
869,2025-943303,BSIT,84.7164,1,18,46.41,85.262,77.71867,83.42969,41.79042,84.7164,1.84418
870,2025-989731,BSIT,79.39514,1,19,77.06,100.0,73.07446,82.88476,34.03877,79.39514,1.74454
871,2025-441390,BSCS,81.0012,1,19,76.81,71.51222,64.62581,93.77484,43.57116,81.0012,2.04913
872,2025-977676,BSCS,81.46364,1,20,92.71,98.56005,91.48819,72.14563,44.33524,81.46364,1.4394
873,2025-765774,BSIT,81.16829,1,25,41.85,72.94319,64.5556,94.49269,38.64238,81.16829,2.17569
874,2025-463873,BSCS,81.22378,1,25,44.57,52.37151,82.38874,92.13832,36.69161,81.22378,2.1145
875,2025-768966,BSIT,81.9082,1,19,53.6,78.75059,89.46711,79.81415,41.06916,81.9082,1.77146
876,2025-396614,BSCS,82.63999,1,22,70.44,91.97352,73.0734,83.09332,46.0278,82.63999,1.78333
877,2025-842881,BSCS,81.88455,1,25,72.32,94.37866,88.05416,76.46828,38.12398,81.88455,1.58889
878,2025-526661,BSIT,83.97568,1,18,99.22,86.37604,97.5784,71.90692,49.22259,83.97568,1.39756
879,2025-175377,BSCS,80.773,1,21,99.0,93.55877,100.0,68.54669,50.0,80.773,1.36316
880,2025-523406,BSIT,84.16479,1,21,49.25,78.24334,71.33284,89.96933,37.73725,84.16479,1.97442
881,2025-131141,BSIT,82.6741,1,24,69.83,78.96453,83.15474,81.39831,50.0,82.6741,1.76832
882,2025-137549,BSIT,81.54889,1,22,75.68,94.51482,96.5703,72.47665,37.94763,81.54889,1.47754
883,2025-346578,BSIT,81.44876,1,19,60.73,77.36239,81.5999,84.12683,42.85651,81.44876,1.8558
884,2025-132466,BSIT,79.95061,1,18,63.57,79.7863,86.45132,83.48058,30.58748,79.95061,1.7908
885,2025-105211,BSCS,83.73045,1,25,66.49,97.40515,87.26918,74.72052,46.04289,83.73045,1.56788
886,2025-952348,BSIT,81.20269,1,24,65.4,84.61087,94.74828,75.28767,43.89303,81.20269,1.62529
887,2025-281142,BSIT,85.74899,1,23,50.43,84.65131,71.06284,89.09498,34.20434,85.74899,1.89633
888,2025-935354,BSIT,83.78018,1,19,59.32,66.82485,72.46103,94.39949,31.137,83.78018,2.01811
889,2025-918121,BSIT,81.97947,1,18,55.11,61.20788,82.19195,90.49461,34.89475,81.97947,1.99192
890,2025-444741,BSIT,85.14822,1,22,74.55,86.82527,77.8,82.01175,50.0,85.14822,1.71123
891,2025-899300,BSIT,82.76764,1,24,69.67,65.94006,74.01236,92.46793,38.61297,82.76764,1.98137
892,2025-542223,BSCS,82.9046,1,24,94.87,100.0,97.77445,68.12521,50.0,82.9046,1.32075
893,2025-441765,BSCS,84.02481,1,20,56.38,51.04337,85.99021,91.15049,38.28167,84.02481,1.98985
894,2025-439608,BSCS,81.2728,1,21,51.86,90.46724,76.0763,83.22744,43.66438,81.2728,1.85554
895,2025-715213,BSIT,83.22079,1,24,58.74,68.58722,74.16358,91.03714,42.61337,83.22079,1.99485
896,2025-980474,BLIS,81.4056,1,25,97.6,100.0,94.4196,70.06536,50.0,81.4056,1.37408
897,2025-156376,BSIT,81.11563,1,20,62.37,75.17506,86.77728,84.56648,34.00723,81.11563,1.80994
898,2025-678435,BSCS,79.97357,1,24,45.24,49.4684,75.33207,100.0,24.04535,79.97357,2.23973
899,2025-490118,BSCS,85.64263,1,25,70.29,85.99187,91.47113,75.96281,49.23546,85.64263,1.56297
900,2025-319645,BSCS,83.3174,1,21,95.32,100.0,83.50305,75.59417,50.0,83.3174,1.4836
901,2025-170817,BSIT,84.14015,1,21,61.26,83.59296,83.04301,83.01432,38.89818,84.14015,1.74346
902,2025-227751,BSCS,83.28861,1,24,54.27,94.40214,72.50056,85.81462,35.42457,83.28861,1.82508
903,2025-789155,BSCS,81.6626,1,25,47.5,89.2609,69.85461,88.28609,37.64568,81.6626,1.95106
904,2025-510723,BSDSA,83.33432,1,21,83.32,75.7681,95.21942,78.52051,43.57623,83.33432,1.58459
905,2025-700376,BSIT,84.4962,1,18,76.2,83.20522,71.57153,88.95157,39.74747,84.4962,1.81876
906,2025-677485,BSIT,83.24933,1,23,44.25,73.10973,95.01532,81.50834,33.58522,83.24933,1.76595
907,2025-838883,BSIT,83.87219,1,22,62.78,73.66668,82.63817,86.72498,37.63794,83.87219,1.82593
908,2025-834745,BSCS,83.97624,1,23,41.0,74.29061,59.91825,100.0,27.16772,83.97624,2.17904
909,2025-301315,BSIT,82.70047,1,25,52.86,92.97694,70.48296,86.15381,41.97577,82.70047,1.87574
910,2025-305146,BSCS,82.16982,1,22,54.0,72.65598,78.25689,89.72328,35.34139,82.16982,1.94895
911,2025-509546,BSIT,83.80609,1,24,93.47,100.0,94.84021,70.3021,50.0,83.80609,1.34714
912,2025-224060,BSIT,85.11388,1,22,94.34,85.72981,100.0,72.08679,50.0,85.11388,1.37498
913,2025-323951,BLIS,84.21905,1,18,98.65,72.11086,92.10948,80.13699,50.0,84.21905,1.57569
914,2025-133566,BSIT,80.52425,1,24,69.34,81.63096,90.52233,80.51217,37.97323,80.52425,1.69494
915,2025-176602,BSIT,80.68186,1,24,45.7,47.63957,75.23116,100.0,29.82698,80.68186,2.2424
916,2025-323677,BSDSA,86.12798,1,21,80.47,90.83091,75.04499,84.88166,41.39943,86.12798,1.67289
917,2025-920011,BSIT,81.3845,1,20,47.85,74.9712,56.45138,100.0,36.22444,81.3845,2.22926
918,2025-752672,BSCS,81.91241,1,22,84.98,80.28755,76.94643,86.19037,46.16159,81.91241,1.78382
919,2025-885823,BSDSA,82.14641,1,18,96.48,88.71486,99.42782,71.7911,50.0,82.14641,1.39688
920,2025-353268,BSCS,82.74336,1,18,79.68,94.11561,89.1627,77.77147,37.7582,82.74336,1.53451
921,2025-650730,BSIT,83.56594,1,20,85.54,95.83377,74.58396,84.1934,39.5863,83.56594,1.65911
922,2025-867598,BLIS,83.86851,1,24,78.66,86.26405,88.46586,78.80298,46.49466,83.86851,1.59176
923,2025-800679,BSDSA,86.19428,1,25,75.15,84.27804,86.61621,79.864,48.79519,86.19428,1.60667
924,2025-719035,BSIT,87.27654,1,19,96.39,100.0,86.54467,75.60231,46.80414,87.27654,1.37948
925,2025-293206,BSCS,83.96157,1,21,72.21,79.07477,85.91022,83.42839,40.79746,83.96157,1.70425
926,2025-229248,BSCS,81.52026,1,18,48.8,59.0965,73.29022,97.7441,30.79424,81.52026,2.14822
927,2025-453636,BSCS,86.12894,1,23,56.28,89.85918,85.55445,79.07382,47.54018,86.12894,1.65129
928,2025-376493,BSDSA,83.33968,1,20,68.6,67.41209,59.24304,100.0,42.78283,83.33968,2.14195
929,2025-571264,BSCS,82.96037,1,25,63.43,98.85959,99.11247,70.52818,43.37835,82.96037,1.43869
930,2025-636938,BLIS,82.13555,1,24,42.72,78.45426,76.9811,88.57053,39.36984,82.13555,1.96354
931,2025-976353,BSIT,83.97662,1,21,92.83,100.0,100.0,70.74126,39.09798,83.97662,1.28505
932,2025-359604,BSIT,85.07513,1,20,80.11,92.3093,96.00656,73.5825,46.48441,85.07513,1.4278
933,2025-635784,BSCS,86.03902,1,23,83.39,80.47518,83.17572,83.0618,48.97247,86.03902,1.64791
934,2025-335372,BSCS,82.24163,1,23,68.72,79.51647,87.72653,81.02969,49.20039,82.24163,1.7204
935,2025-570972,BSIT,83.89951,1,18,61.82,74.75601,87.46906,83.85615,43.26847,83.89951,1.76265
936,2025-830415,BSIT,82.29959,1,23,64.11,68.54657,90.68218,86.16511,33.01831,82.29959,1.79021
937,2025-425296,BSIT,82.63248,1,22,49.26,82.33076,81.67102,85.78194,36.91775,82.63248,1.84214
938,2025-662543,BSCS,82.15423,1,18,71.8,83.60626,93.7617,78.98966,39.04007,82.15423,1.60434
939,2025-519921,BSIT,83.44078,1,20,77.17,93.69697,79.95338,82.75735,39.5875,83.44078,1.64725
940,2025-203384,BSCS,82.76257,1,22,56.17,93.84813,75.91499,84.30277,41.9509,82.76257,1.78935
941,2025-561979,BSCS,82.36321,1,22,48.73,70.80606,57.92805,100.0,43.07077,82.36321,2.22568
942,2025-707233,BSCS,82.07709,1,19,78.48,93.78497,93.81701,74.58097,46.03952,82.07709,1.49676
943,2025-501382,BSIT,79.37189,1,21,63.49,85.30654,100.0,76.48696,33.78254,79.37189,1.59364
944,2025-675118,BSIT,83.609,1,21,47.42,79.00437,58.24113,98.93504,35.4768,83.609,2.14165
945,2025-760038,BSIT,84.25477,1,22,57.17,86.86581,69.92834,90.57426,36.28881,84.25477,1.88918
946,2025-595394,BSIT,86.63348,1,18,90.44,84.16993,100.0,74.56789,45.20486,86.63348,1.37874
947,2025-341864,BSIT,83.51985,1,24,70.28,77.7323,95.8918,78.91787,43.38458,83.51985,1.61
948,2025-323893,BLIS,84.8692,1,21,45.16,74.79573,82.87614,87.26491,38.74453,84.8692,1.86857
949,2025-840891,BSIT,80.21763,1,19,51.01,66.4664,67.56589,98.06814,35.61881,80.21763,2.16996
950,2025-424823,BSIT,84.3084,1,19,63.52,83.20346,66.61955,92.12453,42.61638,84.3084,1.93192
951,2025-491194,BSCS,85.38253,1,22,99.77,100.0,100.0,69.0517,49.37044,85.38253,1.2348
952,2025-440421,BSDSA,83.39561,1,23,63.43,71.08752,79.7783,88.35128,46.88542,83.39561,1.88591
953,2025-650873,BSCS,82.64665,1,20,44.3,73.63104,66.62335,96.69819,34.22834,82.64665,2.11193
954,2025-123012,BSIT,82.38118,1,24,70.66,93.97098,69.94,87.26925,42.76865,82.38118,1.80821
955,2025-184218,BSCS,86.76163,1,23,61.17,85.21367,71.49499,89.24338,42.1526,86.76163,1.82748
956,2025-845333,BSCS,83.87015,1,21,42.66,58.21919,69.07584,100.0,35.41706,83.87015,2.19277
957,2025-126051,BSIT,86.99846,1,18,54.32,82.85212,81.85352,84.25015,45.34515,86.99846,1.74569
958,2025-387489,BSIT,84.58927,1,20,87.91,100.0,100.0,69.1019,50.0,84.58927,1.29493
959,2025-405677,BSCS,83.63641,1,22,77.03,84.84026,93.95116,78.99155,38.41669,83.63641,1.54756
960,2025-975845,BSIT,82.67706,1,24,47.61,66.03392,71.95623,96.64616,34.32182,82.67706,2.09498
961,2025-620159,BSCS,85.52523,1,19,88.93,90.69602,96.79253,75.13164,42.90223,85.52523,1.3888
962,2025-686720,BSCS,82.18968,1,24,64.39,79.27449,95.38532,79.83283,40.37213,82.18968,1.64859
963,2025-342870,BSCS,84.51426,1,24,76.37,87.41611,70.22597,89.55409,42.56385,84.51426,1.80025
964,2025-887482,BSIT,86.7584,1,23,95.73,93.84499,100.0,71.59196,48.58202,86.7584,1.27819
965,2025-310074,BSCS,86.2836,1,18,88.42,94.72343,96.5122,72.7961,50.0,86.2836,1.34985
966,2025-641863,BSCS,83.39341,1,19,70.37,86.49209,71.18126,89.96239,40.02242,83.39341,1.83811
967,2025-781714,BSCS,85.34154,1,18,82.96,91.81916,85.85876,80.33599,43.53236,85.34154,1.53784
968,2025-117355,BSCS,82.08894,1,21,63.89,85.70824,76.42545,88.18462,37.12005,82.08894,1.82825
969,2025-133102,BSCS,83.3577,1,19,80.5,97.257,90.44041,76.38473,43.84492,83.3577,1.48094
970,2025-334327,BSIT,84.7102,1,22,70.84,81.35044,89.35394,82.59452,39.7128,84.7102,1.63823
971,2025-432970,BSCS,85.93876,1,19,57.56,67.04497,61.71974,100.0,43.35848,85.93876,2.11774
972,2025-491893,BSIT,85.16188,1,25,72.18,72.99271,88.20459,83.70879,50.0,85.16188,1.70629
973,2025-264062,BSDSA,85.98802,1,19,63.52,82.5796,74.79253,88.69896,44.23819,85.98802,1.81196
974,2025-417367,BSCS,79.58171,1,20,52.28,73.30228,61.09864,100.0,36.19226,79.58171,2.19797
975,2025-449471,BSIT,85.10422,1,21,41.05,56.77603,69.6889,100.0,39.56711,85.10422,2.18366
976,2025-486567,BSDSA,83.78873,1,19,41.02,62.56731,68.535,100.0,33.79823,83.78873,2.17234
977,2025-583466,BSIT,83.65129,1,20,61.43,68.12556,74.27259,94.73456,37.73053,83.65129,1.97958
978,2025-957902,BLIS,83.01436,1,22,85.36,95.58289,85.28702,79.41437,45.86779,83.01436,1.54222
979,2025-387511,BSIT,87.51779,1,18,47.65,84.40506,66.0799,94.18621,36.98694,87.51779,1.94092
980,2025-297938,BSIT,83.32013,1,18,70.4,99.50332,75.93836,82.56823,47.94216,83.32013,1.67799
981,2025-953192,BSCS,82.85062,1,21,76.84,96.91791,76.78699,85.79585,33.84158,82.85062,1.67024
982,2025-639960,BSDSA,81.00437,1,19,87.87,100.0,70.05891,86.26953,44.03248,81.00437,1.71174
983,2025-570062,BSCS,82.47695,1,25,74.81,88.58779,85.91379,82.12194,42.64676,82.47695,1.64146
984,2025-556339,BSIT,84.54033,1,25,66.56,71.8564,92.82183,83.92836,41.61968,84.54033,1.6924
985,2025-818713,BLIS,84.76212,1,18,94.35,91.02111,93.46695,76.19236,50.0,84.76212,1.41663
986,2025-508047,BLIS,83.28628,1,18,82.77,100.0,84.10649,78.19459,50.0,83.28628,1.52706
987,2025-383146,BSCS,82.95447,1,25,98.7,100.0,100.0,70.96078,46.56636,82.95447,1.27793
988,2025-744529,BLIS,85.49767,1,20,89.73,93.73596,70.40471,87.74844,46.61826,85.49767,1.67837
989,2025-292563,BLIS,84.44474,1,24,95.0,86.19333,100.0,76.03376,42.548,84.44474,1.37934
990,2025-774053,BSCS,85.45183,1,19,73.27,87.21674,85.44257,82.05236,47.34547,85.45183,1.61665
991,2025-613075,BSCS,82.49728,1,18,44.65,73.3814,83.11827,89.68588,35.83822,82.49728,1.91697
992,2025-921535,BLIS,88.24747,1,18,42.57,65.09353,63.70877,100.0,45.30939,88.24747,2.13251
993,2025-118376,BSIT,85.93029,1,25,86.92,93.00226,88.23136,78.44893,50.0,85.93029,1.47464
994,2025-353920,BSCS,87.17145,1,21,93.14,91.09951,87.61171,79.71412,48.12859,87.17145,1.45256
995,2025-941143,BSCS,81.71806,1,20,64.75,81.45156,94.34778,80.4018,42.44375,81.71806,1.64973
996,2025-257324,BSIT,83.25627,1,18,58.93,75.29299,73.49769,91.84644,47.00631,83.25627,1.94786
997,2025-998011,BSCS,86.12613,1,25,72.65,70.84024,74.3257,93.86443,41.57734,86.12613,1.87275
998,2025-663956,BSDSA,82.47081,1,22,45.97,74.45943,63.65376,100.0,32.26062,82.47081,2.13707
999,2025-778105,BSCS,83.20252,1,24,61.01,76.36722,86.2975,85.46191,45.55347,83.20252,1.77821
1000,2025-608485,BSCS,82.0067,1,23,95.08,100.0,72.45562,86.04007,42.11336,82.0067,1.63811
1001,2025-150491,BLIS,83.89113,1,20,62.39,83.19054,69.98575,91.96484,43.89875,83.89113,1.90283
1002,2025-566926,BLIS,85.52669,1,19,96.78,92.10249,100.0,73.06634,50.0,85.52669,1.30763
1003,2025-952012,BSDSA,87.35674,1,18,77.14,95.03215,83.08325,80.65609,50.0,87.35674,1.53648
1004,2025-622777,BSCS,81.82256,1,21,56.09,79.56306,59.88622,100.0,34.4951,81.82256,2.11134
1005,2025-312633,BSCS,86.24275,1,23,93.73,88.15503,83.39916,82.57401,50.0,86.24275,1.53917
1006,2025-203965,BSCS,86.90689,1,23,67.63,64.45177,68.11062,100.0,36.75995,86.90689,2.00603
1007,2025-263881,BSCS,84.28615,1,21,45.73,59.49519,86.51278,91.81681,39.24164,84.28615,1.95439
1008,2025-631029,BSDSA,81.65089,1,21,61.39,88.28699,94.3403,78.12545,45.0471,81.65089,1.60965
1009,2025-818783,BSIT,83.39849,1,18,42.44,69.70566,67.16,100.0,31.79614,83.39849,2.1323
1010,2025-262573,BSIT,85.33663,1,21,73.43,86.27229,90.61693,82.11595,37.78349,85.33663,1.56331
1011,2025-964027,BSCS,84.35815,1,22,40.79,71.34253,68.82359,100.0,25.56302,84.35815,2.09049
1012,2025-123028,BLIS,87.96119,1,25,81.12,93.37528,76.73381,85.22496,46.68281,87.96119,1.60033
1013,2025-247776,BSCS,82.91852,1,25,69.0,85.91182,88.57191,82.21609,43.35105,82.91852,1.64715
1014,2025-648249,BSIT,83.71595,1,18,45.33,90.74052,74.56264,89.70047,33.91364,83.71595,1.85855
1015,2025-884862,BSIT,86.06994,1,20,74.47,82.82436,90.4493,81.11384,49.30063,86.06994,1.57701
1016,2025-211161,BSCS,83.84772,1,23,46.25,69.37592,63.55297,100.0,42.35241,83.84772,2.15579
1017,2025-397901,BSCS,84.7451,1,25,67.42,69.67425,66.7265,100.0,34.18066,84.7451,2.01629
1018,2025-771744,BSCS,81.23314,1,22,45.87,63.47338,70.43042,100.0,34.55852,81.23314,2.16384
1019,2025-440315,BSDSA,86.71178,1,21,68.36,81.60306,53.41363,100.0,50.0,86.71178,2.04538
1020,2025-258032,BSIT,80.74905,1,23,80.99,100.0,90.03306,77.24723,44.87647,80.74905,1.50366
1021,2025-634465,BSIT,86.57891,1,21,58.61,68.75301,81.12348,91.23947,44.16474,86.57891,1.85679
1022,2025-795253,BLIS,84.17999,1,18,72.68,83.78151,78.14517,89.20964,39.22259,84.17999,1.75441
1023,2025-243222,BSIT,82.24241,1,20,46.52,68.7083,64.67618,100.0,41.78424,82.24241,2.17226
1024,2025-359446,BSCS,82.06121,1,20,71.23,87.30284,81.15801,87.79488,33.75741,82.06121,1.72978
1025,2025-104242,BSCS,83.23436,1,22,55.82,83.68277,61.68188,97.28544,40.45568,83.23436,2.03533
1026,2025-931261,BSDSA,84.13723,1,23,81.78,100.0,92.66211,76.02048,44.87545,84.13723,1.41474
1027,2025-202278,BSCS,85.0341,1,18,92.44,91.49015,100.0,73.90969,50.0,85.0341,1.33777
1028,2025-537764,BSCS,84.57262,1,22,56.0,94.36102,80.50226,84.55393,41.25341,84.57262,1.70192
1029,2025-231410,BSDSA,80.1522,1,23,90.84,93.27212,100.0,74.22214,45.8095,80.1522,1.40803
1030,2025-232755,BSCS,86.47886,1,25,71.92,72.89809,69.08846,95.89475,45.31124,86.47886,1.91641
1031,2025-232280,BSIT,86.26514,1,25,66.03,76.47253,86.29435,86.23292,45.66047,86.26514,1.70833
1032,2025-355776,BSCS,82.09509,1,22,40.6,71.13805,67.70436,100.0,31.39211,82.09509,2.14252
1033,2025-679597,BLIS,82.27113,1,25,79.73,100.0,89.94819,78.23405,41.33526,82.27113,1.48536
1034,2025-890455,BSIT,83.16214,1,20,44.72,88.21143,74.27517,90.40866,37.57172,83.16214,1.89353
1035,2025-231432,BSCS,84.79375,1,18,50.25,86.66709,91.40688,84.0632,28.81934,84.79375,1.65208
1036,2025-312429,BSDSA,87.07844,1,25,67.81,73.9504,85.25518,86.72539,50.0,87.07844,1.72084
1037,2025-450546,BSIT,86.72422,1,20,47.06,52.74706,79.32685,97.48793,43.00507,86.72422,2.05027
1038,2025-134551,BSIT,84.50359,1,24,72.97,92.89575,89.35372,81.2999,38.88851,84.50359,1.54065
1039,2025-407665,BSDSA,84.71166,1,22,83.62,100.0,100.0,73.22828,42.03836,84.71166,1.31013
1040,2025-709342,BSIT,85.96189,1,24,90.4,94.15727,99.15428,74.58976,46.30001,85.96189,1.3199
1041,2025-911434,BSCS,85.18232,1,23,44.03,63.28962,69.16303,100.0,40.68847,85.18232,2.12469
1042,2025-984032,BSCS,85.81969,1,18,84.68,93.51297,97.51522,75.95497,44.83312,85.81969,1.36988
1043,2025-617277,BSIT,85.14855,1,19,61.34,88.14843,90.0792,80.34546,49.64923,85.14855,1.60613
1044,2025-374642,BSCS,83.8461,1,24,64.53,81.96576,80.61865,88.96048,39.57195,83.8461,1.77719
1045,2025-987189,BSIT,83.8387,1,23,64.85,67.52218,65.33112,100.0,44.90479,83.8387,2.07503
1046,2025-342868,BSIT,85.09372,1,21,89.56,94.99222,92.92893,78.5622,42.37623,85.09372,1.40518
1047,2025-340505,BSIT,86.29931,1,21,83.95,92.47259,90.68465,81.65156,36.37172,86.29931,1.45541
1048,2025-650820,BSIT,85.11045,1,19,80.21,100.0,97.84441,73.46245,48.15032,85.11045,1.34326
1049,2025-884505,BSIT,85.00423,1,19,55.12,70.64267,67.03044,100.0,36.62084,85.00423,2.04995
1050,2025-314493,BSCS,85.96636,1,19,53.48,79.27105,84.17591,86.53311,48.34042,85.96636,1.76634
1051,2025-296783,BSIT,85.77963,1,24,55.68,79.52211,86.98989,85.37316,46.89303,85.77963,1.72475
1052,2025-451991,BSIT,83.85269,1,21,40.43,60.09871,80.12476,97.156,34.3677,83.85269,2.05435
1053,2025-595640,BSCS,86.40084,1,19,80.63,100.0,97.62347,75.84527,37.43901,86.40084,1.32358
1054,2025-467606,BSCS,88.46202,1,25,81.58,92.15415,86.95686,81.04918,50.0,88.46202,1.47757
1055,2025-771885,BSIT,85.4621,1,18,81.97,85.08291,96.39224,80.28245,40.91944,85.4621,1.46736
1056,2025-686828,BSDSA,84.25786,1,20,52.7,73.31539,67.49684,100.0,32.24938,84.25786,2.04459
1057,2025-386019,BLIS,83.64103,1,23,69.33,80.23504,61.2562,100.0,37.48802,83.64103,2.00747
1058,2025-590120,BLIS,84.28897,1,18,63.87,75.12489,85.25901,87.34616,48.55453,84.28897,1.77179
1059,2025-426275,BSIT,85.6997,1,18,71.6,80.41011,79.72546,91.2832,34.82247,85.6997,1.74242
1060,2025-917045,BSCS,84.35699,1,20,66.2,77.60893,88.83605,85.97346,42.89713,84.35699,1.69858
1061,2025-399527,BSIT,84.716,1,20,70.38,96.48356,100.0,75.07068,41.2753,84.716,1.39116
1062,2025-118395,BSIT,85.91394,1,23,59.87,79.32606,59.511,100.0,43.59432,85.91394,2.03716
1063,2025-561470,BSCS,86.55861,1,25,42.53,68.43213,69.86793,100.0,34.16554,86.55861,2.05907
1064,2025-854902,BSCS,86.52099,1,21,78.28,73.37139,80.29733,90.36379,49.00786,86.52099,1.75201
1065,2025-443251,BSIT,85.90326,1,25,67.71,64.01601,73.36808,99.33149,35.54718,85.90326,1.96216
1066,2025-696062,BSCS,82.35942,1,22,46.75,79.44384,70.31698,97.48565,29.50573,82.35942,2.01589
1067,2025-172400,BSCS,84.33157,1,21,87.8,100.0,100.0,74.39176,39.96086,84.33157,1.29949
1068,2025-864780,BLIS,85.10638,1,19,83.02,89.89602,83.7359,83.55022,50.0,85.10638,1.58222
1069,2025-948543,BSCS,84.52736,1,19,75.07,88.36137,82.30291,85.72667,45.08505,84.52736,1.65276
1070,2025-451014,BSCS,85.63453,1,18,49.57,73.50413,65.0997,100.0,39.24285,85.63453,2.06234
1071,2025-658839,BSCS,84.19886,1,18,90.3,97.87432,86.68999,81.76357,39.89613,84.19886,1.46834
1072,2025-355795,BSCS,87.81308,1,18,92.17,95.85987,100.0,74.01725,48.68441,87.81308,1.25943
1073,2025-804464,BLIS,83.75781,1,18,94.72,100.0,94.48614,76.85335,42.19881,83.75781,1.34716
1074,2025-250620,BSDSA,87.00167,1,21,92.71,100.0,95.6806,76.32634,41.91871,87.00167,1.28897
1075,2025-291418,BSCS,85.36278,1,23,73.47,90.07982,81.27517,85.71336,45.91208,85.36278,1.64437
1076,2025-358078,BSCS,87.24709,1,23,89.2,80.4022,86.43635,87.9185,36.5144,87.24709,1.56679
1077,2025-803029,BSIT,86.17916,1,23,95.37,97.8358,100.0,73.8622,46.79994,86.17916,1.25697
1078,2025-573920,BSDSA,85.89125,1,21,90.44,90.62784,96.29999,77.79978,47.27838,85.89125,1.38336
1079,2025-903286,BSIT,84.81923,1,22,54.24,84.65295,85.41167,87.99042,32.51097,84.81923,1.72377
1080,2025-428825,BSIT,85.11694,1,25,93.95,100.0,80.88727,83.01282,45.70586,85.11694,1.49168
1081,2025-875428,BSIT,84.72159,1,20,98.21,100.0,100.0,73.52022,45.61745,84.72159,1.25161
1082,2025-963818,BSCS,86.52845,1,19,84.09,77.97753,99.90532,81.55557,38.87196,86.52845,1.4565
1083,2025-885227,BSIT,83.6697,1,19,41.57,84.80207,78.80981,90.61942,36.25371,83.6697,1.87087
1084,2025-394967,BSIT,85.41246,1,22,86.45,100.0,100.0,72.91552,49.16515,85.41246,1.2876
1085,2025-314004,BSCS,84.97603,1,19,43.29,55.29074,76.73055,100.0,39.02187,84.97603,2.10413
1086,2025-999283,BSCS,85.00373,1,20,64.31,100.0,79.7517,83.68252,46.29074,85.00373,1.62568
1087,2025-720331,BSIT,87.06938,1,24,65.95,76.18791,70.53664,95.87343,44.4143,87.06938,1.88715
1088,2025-886813,BSDSA,85.10042,1,25,73.44,86.7966,76.64958,90.84639,39.20793,85.10042,1.73047
1089,2025-362422,BSIT,86.26549,1,24,51.61,81.55502,72.98588,93.59442,42.59212,86.26549,1.88504
1090,2025-710419,BLIS,84.38958,1,18,92.06,94.19377,89.65338,82.69708,36.91994,84.38958,1.45214
1091,2025-925002,BSCS,86.42484,1,25,46.56,67.17256,69.63492,100.0,41.16269,86.42484,2.05796
1092,2025-105896,BSCS,85.9759,1,24,91.65,99.96691,92.32574,77.05632,50.0,85.9759,1.35014
1093,2025-755051,BSIT,88.27771,1,22,63.26,73.77934,76.508,92.88369,49.7041,88.27771,1.82619
1094,2025-937550,BSIT,88.82539,1,18,71.45,71.9256,83.66822,91.46673,41.81381,88.82539,1.71357
1095,2025-498521,BSIT,86.10978,1,20,77.18,98.12072,72.92669,89.36796,40.1857,86.10978,1.65344
1096,2025-327332,BSDSA,87.72617,1,22,74.27,98.57897,89.82221,78.93844,49.51227,87.72617,1.4328
1097,2025-548981,BSIT,83.95985,1,24,57.1,87.7847,61.46719,100.0,31.65646,83.95985,1.98836
1098,2025-915865,BSDSA,86.65446,1,20,62.51,91.66188,76.74749,91.02402,33.78339,86.65446,1.70922
1099,2025-909441,BSDSA,85.54116,1,25,47.26,66.36257,77.10476,98.08145,35.86222,85.54116,1.98614
1100,2025-594575,BSIT,86.63767,1,20,95.33,92.26182,88.03483,82.1282,50.0,86.63767,1.43796
1101,2025-129428,BSCS,87.79231,1,19,66.44,85.83916,80.40051,90.15914,38.70243,87.79231,1.67804
1102,2025-167277,BSIT,86.69506,1,23,73.58,75.0376,88.76035,87.71542,46.64673,86.69506,1.65313
1103,2025-808335,BSDSA,86.65447,1,21,72.07,81.02827,98.45404,81.59949,44.07113,86.65447,1.49557
1104,2025-916456,BSCS,84.39645,1,20,68.64,86.99406,89.05628,85.25078,40.44845,84.39645,1.61047
1105,2025-272880,BSIT,88.20836,1,22,70.27,76.30925,85.62299,88.6948,47.91775,88.20836,1.66964
1106,2025-599616,BSCS,86.85746,1,25,91.05,100.0,98.01056,76.38948,43.02453,86.85746,1.26995
1107,2025-747413,BSCS,86.08535,1,22,83.02,85.1895,83.63976,89.01495,38.0435,86.08535,1.60536
1108,2025-906939,BSIT,86.05314,1,23,54.01,93.40061,73.78896,92.77567,31.77314,86.05314,1.77444
1109,2025-382369,BSCS,87.69792,1,19,68.9,91.69279,99.40883,77.79773,45.20781,87.69792,1.39479
1110,2025-759395,BLIS,85.7809,1,20,50.48,76.92692,68.40023,100.0,34.08167,85.7809,1.98937
1111,2025-526693,BSCS,86.56535,1,22,53.34,75.99191,68.97509,100.0,34.14041,86.56535,1.96596
1112,2025-444368,BSIT,87.09004,1,21,77.79,79.62617,84.88728,88.83663,45.43125,87.09004,1.63974
1113,2025-463291,BSIT,86.16779,1,25,56.39,84.24702,79.135,90.00864,47.06573,86.16779,1.77216
1114,2025-240249,BSIT,85.09479,1,24,70.31,91.71463,78.19229,90.03421,38.28123,85.09479,1.68522
1115,2025-751872,BSCS,87.73469,1,23,54.01,69.65774,72.47339,100.0,36.3523,87.73469,1.95326
1116,2025-683950,BSCS,87.5483,1,23,93.81,100.0,100.0,74.40632,50.0,87.5483,1.22399
1117,2025-180353,BSCS,86.20863,1,25,49.2,68.57862,78.46427,97.03185,37.87243,86.20863,1.93366
1118,2025-281822,BSIT,83.27457,1,23,45.68,79.6401,63.0851,100.0,44.99814,83.27457,2.09074
1119,2025-692041,BLIS,86.99528,1,23,78.31,91.42982,97.25267,78.74621,48.20072,86.99528,1.39636
1120,2025-572628,BSCS,82.97536,1,19,64.77,100.0,90.36507,80.91747,42.18894,82.97536,1.52893
1121,2025-522207,BSDSA,87.60753,1,23,74.82,86.46415,100.0,79.89758,43.77216,87.60753,1.40729
1122,2025-462128,BSCS,86.43599,1,21,88.81,75.76791,77.09506,94.27804,45.24745,86.43599,1.7305
1123,2025-748711,BSIT,86.91457,1,21,71.72,80.6887,100.0,81.79569,43.12725,86.91457,1.47698
1124,2025-599788,BSIT,85.5967,1,19,67.57,82.64127,81.22453,90.49443,44.01749,85.5967,1.72435
1125,2025-923081,BSCS,85.71543,1,20,40.36,65.93652,79.15287,100.0,26.90908,85.71543,1.98979
1126,2025-735296,BLIS,84.89976,1,24,43.2,54.35898,81.71146,100.0,37.98649,84.89976,2.05339
1127,2025-818683,BSIT,84.43856,1,21,72.35,100.0,60.09905,97.6282,35.755,84.43856,1.83839
1128,2025-775911,BSIT,84.48269,1,18,79.52,100.0,88.39279,83.02837,38.13216,84.48269,1.46948
1129,2025-461043,BSIT,86.29064,1,25,68.87,82.91888,98.80717,81.41972,45.86773,86.29064,1.49483
1130,2025-108089,BSCS,87.87107,1,19,58.15,76.11992,90.95009,89.69161,34.41667,87.87107,1.6611
1131,2025-560183,BSIT,84.87407,1,19,61.4,67.18394,76.89392,100.0,31.57299,84.87407,1.93622
1132,2025-485085,BSCS,85.74686,1,23,76.07,79.08534,69.93841,100.0,32.08221,85.74686,1.85183
1133,2025-781315,BSCS,87.18385,1,25,79.28,98.26765,97.50463,77.21348,48.69366,87.18385,1.33174
1134,2025-535329,BSDSA,87.66415,1,21,85.25,94.31655,94.266,80.69319,45.67398,87.66415,1.37065
1135,2025-832024,BSIT,87.80323,1,18,93.93,100.0,100.0,76.9454,41.66835,87.80323,1.21943
1136,2025-387482,BSIT,87.98692,1,18,82.87,93.16123,90.84536,83.41939,42.45974,87.98692,1.4253
1137,2025-685090,BSCS,86.47094,1,25,68.36,68.65456,81.10249,95.21718,44.62088,86.47094,1.82056
1138,2025-428581,BSIT,87.9216,1,18,67.14,86.38821,86.30308,88.847,37.10032,87.9216,1.59795
1139,2025-360479,BSIT,86.368,1,20,41.51,65.27589,77.01728,100.0,36.41659,86.368,2.00566
1140,2025-252687,BSCS,84.94599,1,22,76.62,69.27069,100.0,86.75725,39.47328,84.94599,1.58022
1141,2025-917336,BSDSA,85.55283,1,23,99.18,100.0,100.0,75.69737,48.74734,85.55283,1.23443
1142,2025-845276,BSCS,86.53739,1,21,59.9,81.77943,70.67895,97.2946,41.42727,86.53739,1.87342
1143,2025-839493,BSCS,86.70686,1,19,74.98,94.75702,85.95851,86.9684,35.56141,86.70686,1.52321
1144,2025-513266,BSIT,85.67736,1,20,46.13,64.50873,78.46839,100.0,34.98691,85.67736,1.98695
1145,2025-534406,BLIS,86.13783,1,19,99.03,100.0,100.0,75.76007,49.1625,86.13783,1.22567
1146,2025-744049,BLIS,85.20141,1,21,55.2,70.44127,87.64429,93.37125,36.46878,85.20141,1.80072
1147,2025-868796,BSCS,90.26323,1,18,60.81,74.70436,79.22113,93.82233,48.90245,90.26323,1.76426
1148,2025-979463,BSIT,85.19845,1,22,47.74,77.05668,71.74881,100.0,33.36798,85.19845,1.96843
1149,2025-185446,BSCS,89.35973,1,22,66.02,79.51629,77.3918,93.13591,50.0,89.35973,1.74133
1150,2025-739921,BSIT,87.90328,1,24,65.02,66.85727,77.04072,100.0,35.62934,87.90328,1.87412
1151,2025-514454,BSIT,87.12026,1,22,46.81,63.88342,78.86133,100.0,35.56146,87.12026,1.96143
1152,2025-484360,BSIT,85.0722,1,23,68.84,77.56812,75.02008,97.46649,37.50561,85.0722,1.8427
1153,2025-557785,BSIT,86.2058,1,24,52.5,67.03008,80.63853,100.0,26.67751,86.2058,1.9068
1154,2025-664011,BSIT,87.23242,1,23,44.2,68.45979,82.18627,97.42233,33.65042,87.23242,1.89357
1155,2025-107821,BSIT,87.58279,1,19,56.18,80.19323,71.96523,97.52155,41.26099,87.58279,1.86883
1156,2025-891638,BSCS,86.90317,1,25,73.83,78.56786,76.94283,95.20566,42.89436,86.90317,1.76237
1157,2025-120969,BSCS,86.8861,1,20,58.06,88.91606,76.00658,92.01516,45.71306,86.8861,1.75417
1158,2025-181848,BSCS,90.05269,1,21,49.16,78.23669,64.97006,100.0,49.6636,90.05269,1.95698
1159,2025-102168,BSDSA,87.46345,1,22,91.88,100.0,94.95064,79.17007,46.33693,87.46345,1.29366
1160,2025-391364,BSCS,87.21706,1,18,72.62,92.24858,85.46641,85.56578,49.73413,87.21706,1.55046
1161,2025-495559,BSDSA,89.38517,1,25,75.53,84.56239,73.59256,94.67645,45.695,89.38517,1.70811
1162,2025-931709,BSIT,88.21177,1,23,58.56,64.94567,75.5807,100.0,43.84305,88.21177,1.92784
1163,2025-586467,BSIT,90.44404,1,22,92.26,96.35142,77.04683,89.48395,45.72742,90.44404,1.48848
1164,2025-847467,BSCS,86.68336,1,24,67.31,88.96815,82.60652,90.66917,37.16803,86.68336,1.6408
1165,2025-117839,BSCS,89.10257,1,21,66.44,66.33642,76.9095,100.0,38.8037,89.10257,1.85499
1166,2025-951157,BSCS,88.1376,1,20,49.99,87.72479,100.0,82.47152,36.90283,88.1376,1.48804
1167,2025-297110,BSIT,88.14412,1,18,70.69,86.99391,88.3135,87.77015,40.99539,88.14412,1.55122
1168,2025-376822,BSCS,89.67961,1,24,69.42,89.69542,93.84178,85.6779,33.67018,89.67961,1.44378
1169,2025-492281,BSIT,87.70511,1,21,50.53,70.03,77.42338,100.0,32.60897,87.70511,1.90528
1170,2025-422727,BSCS,88.61161,1,22,84.12,100.0,97.19291,78.02289,48.17333,88.61161,1.27942
1171,2025-226161,BSIT,86.49608,1,25,67.17,71.7381,85.57313,93.17064,43.88454,86.49608,1.7466
1172,2025-953719,BLIS,88.40714,1,24,74.26,87.84701,84.59407,88.75891,44.30729,88.40714,1.57054
1173,2025-988564,BSCS,87.96568,1,21,51.26,73.30987,72.40502,100.0,40.45267,87.96568,1.93217
1174,2025-334861,BLIS,86.60683,1,23,48.55,79.35785,69.54042,100.0,38.66173,86.60683,1.95074
1175,2025-986683,BSIT,87.80178,1,19,81.34,97.09901,83.90065,87.69756,38.24323,87.80178,1.48621
1176,2025-653180,BSIT,87.94427,1,20,49.52,68.59087,78.60031,100.0,32.75571,87.94427,1.90288
1177,2025-938280,BSIT,86.40629,1,19,68.76,81.33402,94.63325,86.54461,41.04336,86.40629,1.55619
1178,2025-259772,BSCS,87.25407,1,24,62.41,71.15962,74.3865,99.7006,41.15353,87.25407,1.89238
1179,2025-220046,BSIT,86.67633,1,22,59.96,97.99153,69.31645,93.44253,45.33227,86.67633,1.75761
1180,2025-877556,BSIT,87.65446,1,18,96.65,100.0,98.91997,77.80849,46.92922,87.65446,1.22389
1181,2025-649523,BSIT,86.72569,1,23,70.81,79.87901,85.84563,89.80032,50.0,86.72569,1.65997
1182,2025-149481,BSCS,84.3186,1,22,48.48,78.87924,80.92902,95.81749,34.29004,84.3186,1.8548
1183,2025-120013,BSCS,88.8763,1,22,88.44,100.0,81.50984,86.07405,50.0,88.8763,1.4461
1184,2025-179895,BSCS,87.79808,1,19,96.23,98.75671,100.0,77.96162,46.36841,87.79808,1.22026
1185,2025-857949,BSCS,87.99917,1,18,73.53,89.7281,87.58607,86.82147,46.74203,87.99917,1.52904
1186,2025-160661,BSCS,86.3964,1,24,70.03,73.78484,84.6473,94.23034,41.15225,86.3964,1.73149
1187,2025-653504,BLIS,88.88092,1,22,80.74,85.25643,100.0,81.94291,47.12374,88.88092,1.37289
1188,2025-963188,BSCS,85.96974,1,24,41.02,71.88754,91.2149,92.1966,38.01912,85.96974,1.79073
1189,2025-620315,BSCS,87.4328,1,22,67.9,79.47807,83.07144,94.27242,36.68723,87.4328,1.69679
1190,2025-782543,BSIT,88.06459,1,25,58.89,83.94424,86.26469,89.14031,47.72788,88.06459,1.64868
1191,2025-614728,BSCS,86.87361,1,19,47.82,80.56724,70.02521,100.0,39.24656,86.87361,1.9339
1192,2025-735167,BSIT,88.54089,1,21,50.71,89.0075,66.45288,99.20794,39.54169,88.54089,1.87101
1193,2025-556150,BSCS,87.00986,1,25,60.45,69.3685,81.10704,98.64929,35.20517,87.00986,1.83781
1194,2025-320979,BSIT,86.71095,1,23,74.04,85.4417,90.93076,86.0261,49.80439,86.71095,1.54176
1195,2025-175584,BLIS,89.29508,1,22,50.88,94.10663,67.95079,97.28496,37.97741,89.29508,1.7995
1196,2025-358657,BSIT,85.63128,1,19,66.12,82.93116,70.03819,100.0,35.99887,85.63128,1.86151
1197,2025-599507,BSIT,86.97809,1,20,85.0,92.65512,99.08622,80.88836,44.95179,86.97809,1.33807
1198,2025-180907,BSCS,86.94298,1,23,54.92,76.54096,73.34059,100.0,37.99776,86.94298,1.89682
1199,2025-592799,BSDSA,88.23452,1,20,88.62,82.18659,85.23059,89.9984,50.0,88.23452,1.55351
1200,2025-431158,BSDSA,87.14135,1,18,78.22,88.12666,92.11156,86.02307,43.87979,87.14135,1.48251
1201,2025-445620,BSCS,87.21187,1,18,58.47,100.0,76.61979,92.90823,30.46474,87.21187,1.65129
1202,2025-105662,BSIT,87.85483,1,19,57.41,80.78199,87.29527,92.86559,32.87826,87.85483,1.67088
1203,2025-681079,BSIT,86.18657,1,23,60.91,90.41467,65.93647,100.0,36.18554,86.18657,1.86282
1204,2025-864794,BSIT,89.27673,1,22,99.69,100.0,96.83422,78.98712,49.87401,89.27673,1.2108
1205,2025-796415,BSIT,86.04183,1,23,54.61,71.25262,76.35244,100.0,39.1563,86.04183,1.91864
1206,2025-998286,BSIT,89.10727,1,20,69.57,85.54282,78.91534,94.14408,40.7374,89.10727,1.66468
1207,2025-898999,BSIT,88.03552,1,21,59.15,74.83231,76.18318,100.0,34.534,88.03552,1.84198
1208,2025-736601,BSIT,86.22297,1,25,59.79,64.65308,77.40025,100.0,46.80526,86.22297,1.93524
1209,2025-186309,BSDSA,85.50097,1,23,79.07,100.0,76.24851,91.02721,41.55165,85.50097,1.60072
1210,2025-662560,BSCS,88.83824,1,24,87.83,88.35668,65.85156,100.0,40.19524,88.83824,1.7302
1211,2025-411357,BSIT,88.99053,1,22,89.19,78.57695,100.0,83.90167,50.0,88.99053,1.39078
1212,2025-317947,BSDSA,88.86411,1,20,86.26,74.1265,87.25074,93.97982,38.24766,88.86411,1.59311
1213,2025-407584,BSCS,88.71835,1,18,92.55,86.06205,95.74382,86.2227,37.94852,88.71835,1.37288
1214,2025-767770,BSIT,88.20707,1,25,62.91,89.53967,69.76175,99.0497,33.6906,88.20707,1.78359
1215,2025-803135,BSCS,86.60319,1,21,74.59,94.49898,81.37679,89.22993,46.33891,86.60319,1.58348
1216,2025-571726,BSCS,85.94624,1,24,52.13,91.99623,87.24308,86.93992,47.06086,85.94624,1.63345
1217,2025-260078,BLIS,87.0632,1,20,82.85,95.16975,81.1171,88.48376,50.0,87.0632,1.54083
1218,2025-887847,BSIT,87.71869,1,22,65.25,85.50735,99.60887,85.37834,33.88302,87.71869,1.45614
1219,2025-719562,BSDSA,87.61041,1,20,91.85,100.0,100.0,78.03165,47.94272,87.61041,1.23083
1220,2025-295592,BSCS,86.4361,1,22,86.76,100.0,85.36353,85.88803,45.43097,86.4361,1.44562
1221,2025-336496,BSCS,86.63267,1,23,89.15,96.31059,89.8574,84.91225,44.66074,86.63267,1.4085
1222,2025-960925,BSIT,89.47313,1,21,72.42,78.4787,92.90547,90.07448,38.02761,89.47313,1.53605
1223,2025-655392,BSDSA,88.02794,1,20,81.51,94.93872,79.65052,89.81257,47.81311,88.02794,1.5502
1224,2025-419306,BSIT,90.90441,1,20,50.54,64.69265,80.0058,100.0,41.47284,90.90441,1.86576
1225,2025-321871,BSIT,89.80419,1,25,48.32,75.78436,71.46942,100.0,46.42612,89.80419,1.90595
1226,2025-504159,BSIT,92.44478,1,20,99.55,100.0,100.0,77.78721,50.0,92.44478,1.12268
1227,2025-666130,BSDSA,88.54104,1,24,60.92,81.03889,82.88431,94.3925,38.5731,88.54104,1.69674
1228,2025-332605,BSCS,86.42802,1,18,67.48,87.56142,92.30262,86.79422,43.23766,86.42802,1.53911
1229,2025-296605,BSCS,86.18557,1,22,55.55,69.82624,76.22324,100.0,44.08845,86.18557,1.92554
1230,2025-882512,BSIT,89.6244,1,22,87.96,90.12421,97.47321,82.49777,48.19577,89.6244,1.3235
1231,2025-723989,BSIT,88.20438,1,20,87.13,96.80269,75.24243,91.30516,50.0,88.20438,1.56288
1232,2025-397042,BSDSA,88.79001,1,18,51.22,89.39241,86.80463,89.95389,39.36728,88.79001,1.61768
1233,2025-102747,BLIS,88.71913,1,25,82.16,99.33425,100.0,78.26498,50.0,88.71913,1.25718
1234,2025-724838,BSCS,86.75959,1,22,49.9,71.27754,77.38049,100.0,40.01752,86.75959,1.91346
1235,2025-990512,BSIT,89.58092,1,22,74.8,85.51859,71.32588,99.05876,38.82996,89.58092,1.72745
1236,2025-168686,BSCS,87.59342,1,25,75.26,77.90851,79.60443,95.87819,45.60688,87.59342,1.71894
1237,2025-801310,BSIT,88.89619,1,21,45.37,78.9341,77.27034,98.12584,39.08178,88.89619,1.83746
1238,2025-836251,BSCS,88.44327,1,24,61.65,70.09993,90.8533,94.51923,36.47785,88.44327,1.68727
1239,2025-437958,BSCS,86.86463,1,25,85.88,94.75446,86.89587,87.22413,45.91157,86.86463,1.46586
1240,2025-840474,BSIT,88.4894,1,22,87.76,81.31287,100.0,85.86138,40.15535,88.4894,1.38263
1241,2025-211530,BSCS,90.45598,1,21,42.47,77.43764,73.78369,100.0,40.8425,90.45598,1.87792
1242,2025-585249,BSIT,89.13277,1,22,55.99,78.1278,74.96457,100.0,36.89896,89.13277,1.82532
1243,2025-998730,BSCS,88.13734,1,24,83.67,87.44017,93.69469,86.90399,41.72939,88.13734,1.43126
1244,2025-116678,BSIT,88.82621,1,19,69.06,71.50292,75.19736,100.0,46.64915,88.82621,1.82815
1245,2025-206755,BSCS,88.58707,1,23,76.35,80.67973,77.61626,97.69687,38.80334,88.58707,1.70037
1246,2025-295002,BSCS,88.80719,1,25,57.96,86.5883,68.62715,100.0,40.91547,88.80719,1.83101
1247,2025-608701,BSIT,85.40384,1,18,70.78,85.06453,68.51451,100.0,43.53088,85.40384,1.84773
1248,2025-399959,BSCS,91.153,1,24,91.76,100.0,87.36962,85.34429,47.35338,91.153,1.32608
1249,2025-489548,BLIS,88.11043,1,18,71.22,87.91425,90.51706,88.00088,44.6778,88.11043,1.51583
1250,2025-468322,BSDSA,89.11454,1,24,65.09,87.16862,67.47664,99.5177,45.82989,89.11454,1.80674
1251,2025-979333,BLIS,86.05375,1,19,69.71,91.96766,89.7097,87.30733,44.28814,86.05375,1.53204
1252,2025-656176,BSCS,88.8162,1,19,49.18,78.99008,74.31126,100.0,38.83805,88.8162,1.85857
1253,2025-472856,BLIS,90.70395,1,24,86.86,100.0,94.15041,81.60611,50.0,90.70395,1.27149
1254,2025-126949,BSCS,90.87307,1,18,77.67,88.59622,78.50954,93.51137,46.70857,90.87307,1.58447
1255,2025-666989,BSIT,88.13074,1,20,79.68,94.63638,100.0,80.46018,49.35765,88.13074,1.3141
1256,2025-962244,BSIT,88.718,1,25,78.11,78.92226,98.64837,85.77527,50.0,88.718,1.45291
1257,2025-489454,BSCS,91.49876,1,20,67.24,81.10329,73.53871,100.0,38.41747,91.49876,1.73577
1258,2025-680000,BLIS,88.13206,1,23,47.61,77.01338,77.68325,100.0,34.20564,88.13206,1.85114
1259,2025-442487,BLIS,88.774,1,25,70.73,92.81695,89.81507,87.60348,42.18601,88.774,1.47638
1260,2025-979358,BSIT,89.84165,1,20,71.37,62.16982,82.89513,100.0,43.62789,89.84165,1.78495
1261,2025-645145,BLIS,89.90678,1,19,47.16,72.95888,78.69181,100.0,38.19987,89.90678,1.84488
1262,2025-948738,BSCS,87.78216,1,20,59.8,89.80007,68.30894,100.0,38.90757,87.78216,1.81818
1263,2025-926861,BSCS,90.66208,1,24,62.54,76.95245,74.6233,100.0,42.58805,90.66208,1.78815
1264,2025-887974,BSIT,89.8714,1,23,83.38,80.58621,69.57531,100.0,50.0,89.8714,1.74894
1265,2025-372353,BSIT,89.74223,1,18,61.15,81.18626,85.66557,93.16538,43.11623,89.74223,1.64205
1266,2025-321731,BSDSA,87.72541,1,19,56.86,72.65885,77.86209,100.0,41.29203,87.72541,1.85334
1267,2025-688148,BSIT,86.85632,1,22,73.27,82.84831,86.82791,94.13663,32.92275,86.85632,1.6125
1268,2025-848037,BSDSA,85.97577,1,22,96.66,89.18891,83.88002,92.13922,40.93447,85.97577,1.51768
1269,2025-856886,BSDSA,90.56,1,24,62.96,99.97101,69.54407,95.34221,44.61534,90.56,1.6649
1270,2025-753531,BLIS,88.08095,1,18,62.83,78.80799,78.76797,100.0,30.39132,88.08095,1.76371
1271,2025-976089,BSCS,91.2163,1,19,81.93,95.44447,82.13103,89.75673,48.4218,91.2163,1.46369
1272,2025-908058,BSIT,87.34668,1,18,66.05,77.41403,90.75136,92.48484,40.31517,87.34668,1.62992
1273,2025-728283,BSIT,90.1212,1,18,63.1,81.8241,76.73754,98.28459,39.91716,90.1212,1.73022
1274,2025-534512,BSIT,88.73725,1,21,64.57,87.05644,82.29633,93.05981,44.31526,88.73725,1.63792
1275,2025-966807,BLIS,89.76456,1,21,70.07,89.76546,76.13553,95.71806,42.4229,89.76456,1.65174
1276,2025-722108,BSCS,89.6643,1,19,72.36,75.5679,74.01617,100.0,47.689,89.6643,1.78319
1277,2025-492892,BSIT,88.41499,1,22,56.46,86.825,86.87505,91.88583,39.45772,88.41499,1.62242
1278,2025-464600,BSIT,87.24692,1,23,86.87,100.0,95.72516,81.80009,48.06261,87.24692,1.30787
1279,2025-208542,BSIT,85.81113,1,25,57.74,76.11989,93.58149,92.56031,35.59923,85.81113,1.66412
1280,2025-567649,BSCS,90.1422,1,18,74.16,89.19257,67.19968,100.0,44.88773,90.1422,1.74115
1281,2025-557640,BSIT,88.01517,1,19,45.93,72.16854,80.62651,100.0,37.00435,88.01517,1.86317
1282,2025-991813,BSIT,87.32612,1,25,60.22,91.46656,77.90351,95.10837,39.52892,87.32612,1.69533
1283,2025-795393,BSCS,90.96709,1,23,61.81,100.0,72.09061,95.11714,41.23174,90.96709,1.6322
1284,2025-569009,BSCS,89.99096,1,25,81.0,99.05764,100.0,79.69577,50.0,89.99096,1.24368
1285,2025-779233,BSIT,88.29307,1,22,69.65,70.76185,85.08481,95.67756,50.0,88.29307,1.7216
1286,2025-704950,BSIT,88.72383,1,18,79.22,89.09938,85.65507,91.64543,41.67716,88.72383,1.52288
1287,2025-792973,BLIS,90.89922,1,21,61.97,77.98859,78.61045,100.0,34.30864,90.89922,1.7305
1288,2025-221683,BSIT,88.216,1,19,51.59,75.74273,79.09283,100.0,36.83795,88.216,1.82713
1289,2025-891812,BSCS,87.72285,1,20,59.44,74.37683,77.30882,100.0,43.35533,87.72285,1.83595
1290,2025-213136,BSDSA,86.5475,1,22,40.13,73.17491,82.48283,100.0,32.34473,86.5475,1.87953
1291,2025-509346,BSCS,86.7383,1,19,85.74,79.46172,100.0,85.82905,50.0,86.7383,1.43353
1292,2025-187356,BSCS,89.83326,1,22,70.15,84.55205,72.63536,100.0,39.9327,89.83326,1.73403
1293,2025-134580,BSCS,88.61686,1,25,53.49,92.30499,69.67845,100.0,35.92182,88.61686,1.79359
1294,2025-143629,BSIT,88.75569,1,20,46.97,80.08748,76.34313,100.0,37.77121,88.75569,1.83521
1295,2025-253348,BSCS,89.25108,1,24,77.8,82.36147,96.45732,90.56843,31.32191,89.25108,1.4444
1296,2025-813848,BSIT,89.10458,1,18,45.57,80.07267,77.93749,100.0,34.02445,89.10458,1.81622
1297,2025-441441,BSCS,89.71247,1,19,77.67,70.63709,81.53865,100.0,39.22185,89.71247,1.71036
1298,2025-455122,BSCS,91.65703,1,23,75.31,73.09203,75.91966,100.0,50.0,91.65703,1.73648
1299,2025-487394,BSCS,84.44661,1,25,52.56,81.96423,75.69399,100.0,37.53541,84.44661,1.87457
1300,2025-701750,BLIS,88.0473,1,25,81.8,85.3928,80.15668,95.79928,42.3348,88.0473,1.61902
1301,2025-479063,BSCS,90.20528,1,23,89.64,91.37041,94.95165,85.09441,50.0,90.20528,1.32777
1302,2025-900852,BSIT,91.0468,1,19,70.43,75.9521,74.77395,100.0,49.18829,91.0468,1.75663
1303,2025-351482,BSCS,90.94652,1,25,67.01,82.77556,89.58763,91.64328,43.75881,90.94652,1.53956
1304,2025-496205,BSDSA,89.12182,1,25,80.63,93.30867,79.69265,93.46818,43.57257,89.12182,1.54875
1305,2025-936326,BSCS,86.92414,1,19,63.94,93.51017,68.27463,100.0,39.26743,86.92414,1.78608
1306,2025-120474,BSDSA,85.37836,1,19,69.75,77.81548,79.50244,100.0,34.84275,85.37836,1.77839
1307,2025-139118,BSCS,88.46968,1,24,60.36,71.73804,78.06714,100.0,47.64327,88.46968,1.83234
1308,2025-259150,BSIT,89.39046,1,22,76.78,100.0,90.13535,87.03092,40.35006,89.39046,1.38101
1309,2025-974521,BSDSA,89.44779,1,18,50.43,85.77681,75.15586,100.0,34.42541,89.44779,1.77903
1310,2025-719238,BSIT,92.05435,1,18,55.93,87.19667,73.75385,100.0,35.81725,92.05435,1.72079
1311,2025-187090,BSCS,91.05247,1,21,86.54,100.0,94.54886,83.14907,48.96567,91.05247,1.26241
1312,2025-977714,BSCS,89.57209,1,21,67.19,89.37074,71.56872,100.0,38.21253,89.57209,1.7243
1313,2025-948591,BSIT,89.19219,1,25,58.1,74.48376,78.55152,100.0,43.33023,89.19219,1.80204
1314,2025-449282,BSIT,91.87028,1,20,81.01,87.85386,68.61033,100.0,48.31721,91.87028,1.67988
1315,2025-423173,BSCS,87.51115,1,19,74.58,86.8505,94.71032,89.04294,39.4082,87.51115,1.47017
1316,2025-769404,BSCS,89.54646,1,18,62.83,78.66929,82.70917,100.0,26.93091,89.54646,1.69407
1317,2025-389419,BSCS,90.05511,1,25,78.61,96.21783,73.61399,96.15018,42.73006,90.05511,1.59157
1318,2025-236930,BSCS,90.38877,1,23,44.17,82.61336,74.95448,100.0,40.61849,90.38877,1.81674
1319,2025-471035,BSIT,91.34894,1,19,60.01,75.47345,78.832,100.0,42.05308,91.34894,1.74861
1320,2025-881759,BSDSA,87.51182,1,19,66.34,88.90118,69.70929,100.0,44.94712,87.51182,1.78673
1321,2025-362601,BSCS,87.03623,1,25,73.89,98.53933,83.54074,92.45912,34.29956,87.03623,1.52106
1322,2025-441794,BSCS,89.92681,1,22,96.91,79.79653,100.0,86.83924,49.46212,89.92681,1.33516
1323,2025-451751,BSCS,91.46183,1,24,81.24,87.13245,100.0,85.07679,47.44943,91.46183,1.31459
1324,2025-739937,BSIT,89.77731,1,19,61.48,89.26057,83.40038,92.68626,48.03872,89.77731,1.60275
1325,2025-974352,BSIT,91.0898,1,21,84.39,87.16385,100.0,85.93246,43.50844,91.0898,1.30769
1326,2025-909979,BSIT,91.46686,1,19,97.76,98.15943,100.0,82.81045,42.84061,91.46686,1.16021
1327,2025-549827,BSIT,89.07777,1,25,98.81,99.2105,98.13804,82.03421,50.0,89.07777,1.20818
1328,2025-395294,BSIT,90.59962,1,18,58.46,80.60091,77.53465,100.0,39.63975,90.59962,1.74134
1329,2025-373409,BSIT,90.28008,1,22,72.04,88.39997,97.63932,86.31509,46.31095,90.28008,1.38849
1330,2025-764095,BLIS,89.66432,1,23,97.6,92.93395,98.71658,83.73659,50.0,89.66432,1.2469
1331,2025-362720,BSIT,90.68403,1,18,66.86,66.67283,84.77921,100.0,42.95758,90.68403,1.73088
1332,2025-659544,BSIT,89.65697,1,20,91.27,100.0,100.0,81.03598,50.0,89.65697,1.20041
1333,2025-196334,BSDSA,87.81044,1,18,73.44,100.0,95.95452,86.65482,32.37998,87.81044,1.34982
1334,2025-632976,BSCS,87.65728,1,19,81.42,87.66376,97.06215,87.92347,41.90578,87.65728,1.40575
1335,2025-398275,BSCS,88.87164,1,18,90.58,72.89778,81.21889,100.0,43.34831,88.87164,1.65792
1336,2025-745149,BSCS,90.87915,1,25,88.63,93.75059,100.0,83.09876,50.0,90.87915,1.24141
1337,2025-401756,BSCS,89.67779,1,18,57.74,76.11029,79.20911,100.0,43.9553,89.67779,1.7748
1338,2025-591087,BSCS,86.89667,1,25,62.06,81.61778,80.64079,100.0,32.25887,86.89667,1.74078
1339,2025-691639,BSCS,90.71209,1,23,80.55,93.23958,87.8907,90.93948,42.08899,90.71209,1.4258
1340,2025-651448,BSIT,89.40664,1,25,93.43,84.40793,100.0,86.30177,48.47457,89.40664,1.32051
1341,2025-628213,BSDSA,89.01267,1,21,67.36,94.47814,71.15604,100.0,37.39374,89.01267,1.69666
1342,2025-466349,BSIT,91.72441,1,20,62.95,66.80243,85.77036,100.0,42.52676,91.72441,1.71695
1343,2025-400693,BSCS,90.14851,1,20,68.42,90.18674,75.43654,99.5738,35.58477,90.14851,1.65721
1344,2025-458012,BSIT,88.65648,1,23,72.96,100.0,88.99818,87.51826,47.25268,88.65648,1.42168
1345,2025-406019,BSCS,89.6157,1,25,93.41,96.5603,100.0,82.51877,50.0,89.6157,1.22003
1346,2025-350694,BSIT,91.02484,1,25,63.99,92.31146,81.71442,94.4287,42.62539,91.02484,1.56858
1347,2025-319135,BSCS,89.71124,1,24,77.94,95.42541,100.0,84.0058,44.46831,89.71124,1.28946
1348,2025-150945,BLIS,90.83478,1,24,99.9,99.34474,84.33542,89.56147,49.9845,90.83478,1.34026
1349,2025-390599,BSCS,91.07649,1,20,95.64,95.49887,95.31621,85.68944,47.6704,91.07649,1.25243
1350,2025-697681,BSIT,87.21985,1,24,68.91,85.24191,100.0,87.95414,40.02427,87.21985,1.44691
1351,2025-312009,BSIT,90.08908,1,25,77.93,69.33336,90.45331,96.02715,47.40777,90.08908,1.60675
1352,2025-811400,BSIT,88.15812,1,24,62.4,81.62718,79.54724,100.0,36.51935,88.15812,1.73229
1353,2025-288967,BLIS,90.38495,1,21,94.79,100.0,94.89011,84.89637,46.2525,90.38495,1.236
1354,2025-311715,BSDSA,91.08219,1,23,66.3,77.8857,78.6665,100.0,44.60389,91.08219,1.7104
1355,2025-708432,BSCS,87.86599,1,24,64.75,73.85698,79.56449,100.0,48.43272,87.86599,1.78951
1356,2025-892082,BSCS,87.97097,1,18,57.1,82.07725,76.28429,100.0,44.39305,87.97097,1.79203
1357,2025-948306,BLIS,90.83036,1,24,99.47,88.7565,100.0,85.04072,50.0,90.83036,1.23878
1358,2025-807788,BSCS,91.45435,1,19,48.75,61.1291,91.76714,100.0,37.34874,91.45435,1.75149
1359,2025-155368,BSIT,91.2918,1,22,59.41,78.46254,78.05846,100.0,45.63202,91.2918,1.73729
1360,2025-876254,BSIT,90.35578,1,23,82.05,87.54151,73.02969,100.0,44.7506,90.35578,1.64942
1361,2025-825552,BLIS,87.7925,1,22,74.27,85.60134,83.01292,98.42475,30.65114,87.7925,1.61727
1362,2025-505238,BLIS,91.15271,1,23,81.96,82.61838,93.9827,92.25377,38.67721,91.15271,1.42498
1363,2025-660507,BSCS,91.33628,1,18,47.13,96.49816,82.59088,93.68055,39.36267,91.33628,1.58702
1364,2025-434800,BSDSA,90.0407,1,22,79.26,100.0,94.65356,84.79118,48.40313,90.0407,1.30647
1365,2025-976842,BSCS,88.03878,1,19,54.12,91.64142,92.62678,91.46369,32.6787,88.03878,1.53025
1366,2025-685642,BSIT,88.61851,1,19,92.71,83.28898,99.92389,87.49266,47.20304,88.61851,1.34587
1367,2025-983746,BSIT,89.88487,1,25,96.26,99.00754,82.21435,91.09591,50.0,89.88487,1.39817
1368,2025-638470,BLIS,89.72098,1,21,65.43,74.26968,85.94653,100.0,33.47938,89.72098,1.67723
1369,2025-919326,BSCS,91.47082,1,21,67.3,82.87166,85.07108,97.25467,36.58692,91.47082,1.58344
1370,2025-884546,BLIS,91.91919,1,24,94.71,95.16793,100.0,83.42396,50.0,91.91919,1.18911
1371,2025-428094,BSIT,89.61532,1,25,49.22,72.97869,86.37559,100.0,34.634,89.61532,1.74894
1372,2025-969645,BSCS,89.78683,1,20,60.56,84.13284,81.55564,99.78146,31.18828,89.78683,1.66944
1373,2025-434606,BSCS,92.27778,1,22,61.67,82.93522,92.73223,90.80312,49.96148,92.27778,1.50061
1374,2025-669928,BSIT,92.63753,1,20,86.59,81.42867,92.65881,92.2663,45.14698,92.63753,1.4081
1375,2025-585714,BSDSA,89.11492,1,20,64.93,84.22266,79.87597,100.0,34.24677,89.11492,1.68215
1376,2025-159020,BSDSA,90.58491,1,19,70.34,96.83498,100.0,84.56119,42.39685,90.58491,1.2946
1377,2025-143208,BSCS,91.3112,1,25,93.84,100.0,73.46344,96.41034,44.76707,91.3112,1.4821
1378,2025-880528,BSCS,86.90388,1,19,49.75,70.35421,88.16478,100.0,34.53994,86.90388,1.78973
1379,2025-987553,BSIT,90.02157,1,22,62.69,78.49754,87.91427,95.50277,45.63063,90.02157,1.62594
1380,2025-984448,BSCS,90.12032,1,22,83.47,88.09694,73.62244,100.0,44.64422,90.12032,1.63595
1381,2025-582953,BLIS,90.50883,1,25,67.93,79.98626,86.03036,96.81094,41.79437,90.50883,1.60788
1382,2025-108161,BSCS,91.54957,1,18,53.46,88.84548,93.49691,93.01132,28.87292,91.54957,1.48864
1383,2025-721597,BSCS,88.45328,1,24,52.25,70.55979,87.98006,100.0,35.25135,88.45328,1.75551
1384,2025-870100,BSCS,91.89766,1,23,56.91,68.03171,83.67492,100.0,50.0,91.89766,1.75364
1385,2025-268898,BSIT,90.8189,1,18,67.2,89.82321,96.47415,88.52056,42.9902,90.8189,1.40182
1386,2025-724438,BSCS,90.33215,1,25,61.51,84.60156,80.24934,100.0,34.28548,90.33215,1.66884
1387,2025-688886,BSCS,91.17071,1,22,84.03,91.65918,71.61837,100.0,45.29885,91.17071,1.61245
1388,2025-579003,BSIT,89.36206,1,25,79.96,88.67735,79.29301,100.0,30.67558,89.36206,1.58943
1389,2025-981915,BSIT,90.09786,1,24,87.9,100.0,82.33866,93.28827,39.83183,90.09786,1.41877
1390,2025-993390,BSCS,92.2817,1,22,97.83,100.0,94.78417,85.05791,50.0,92.2817,1.19476
1391,2025-126604,BSIT,91.46504,1,22,75.96,68.72914,85.96536,100.0,44.39171,91.46504,1.6513
1392,2025-459182,BLIS,91.08479,1,25,62.7,88.80229,78.14385,97.56736,46.17663,91.08479,1.6437
1393,2025-790786,BSIT,93.09176,1,23,42.34,83.60475,84.92058,97.65476,36.75282,93.09176,1.65329
1394,2025-865417,BSIT,92.47695,1,23,73.51,68.43458,84.1166,100.0,50.0,92.47695,1.66945
1395,2025-929993,BSDSA,92.90997,1,18,70.94,88.43469,100.0,87.1524,44.5915,92.90997,1.3222
1396,2025-675865,BSCS,88.50774,1,18,51.75,80.971,81.91237,100.0,36.83038,88.50774,1.74616
1397,2025-709621,BSCS,91.47804,1,25,74.78,86.83057,100.0,88.02937,42.71765,91.47804,1.34259
1398,2025-730440,BSCS,88.50827,1,24,57.49,66.23031,91.84902,100.0,34.17016,88.50827,1.72188
1399,2025-467966,BSCS,91.72479,1,23,62.78,90.45221,73.46411,100.0,43.99968,91.72479,1.6761
1400,2025-598566,BSCS,90.34423,1,22,73.84,79.28557,92.37033,93.89239,44.03514,90.34423,1.5164
1401,2025-847084,BSIT,91.2666,1,18,60.15,76.0261,84.98187,100.0,37.68005,91.2666,1.67114
1402,2025-751153,BSIT,89.47606,1,23,50.48,68.36439,89.99478,100.0,36.70365,89.47606,1.73961
1403,2025-941744,BSIT,88.60915,1,20,42.55,67.08659,89.86718,100.0,39.00759,88.60915,1.79695
1404,2025-756513,BSCS,90.34292,1,25,70.86,84.45613,99.58816,89.66547,40.34271,90.34292,1.40037
1405,2025-148726,BSCS,89.67166,1,18,85.5,100.0,72.94753,98.17852,41.25158,89.67166,1.54788
1406,2025-351353,BSCS,88.74559,1,18,71.48,96.80476,98.43499,86.47331,41.0721,88.74559,1.33849
1407,2025-360093,BSCS,88.2511,1,24,82.15,80.46134,86.18458,100.0,28.73242,88.2511,1.58148
1408,2025-565731,BSCS,90.54604,1,19,45.48,74.63577,88.77278,100.0,31.08962,90.54604,1.70698
1409,2025-122299,BSDSA,89.43992,1,24,51.76,77.97457,83.20994,100.0,40.08181,89.43992,1.73961
1410,2025-323246,BSCS,91.30836,1,24,91.76,83.86963,75.83495,100.0,50.0,91.30836,1.59105
1411,2025-969859,BSCS,91.7386,1,18,99.59,100.0,96.96087,84.82967,48.9477,91.7386,1.17029
1412,2025-887775,BSIT,90.97714,1,25,78.03,86.94544,86.61139,95.15581,42.85811,90.97714,1.49735
1413,2025-658491,BSCS,91.18836,1,20,63.1,84.02417,81.63756,98.20442,44.53877,91.18836,1.63674
1414,2025-103063,BSIT,90.2878,1,18,57.41,81.24693,80.13576,100.0,43.92195,90.2878,1.71415
1415,2025-858926,BSCS,91.10284,1,23,73.05,91.82969,72.97744,100.0,46.03849,91.10284,1.63979
1416,2025-177747,BSIT,90.75451,1,21,66.56,93.83274,92.59508,92.23427,33.12864,90.75451,1.41988
1417,2025-904083,BSDSA,93.86051,1,25,96.53,100.0,92.44974,87.09323,50.0,93.86051,1.20271
1418,2025-439978,BSCS,92.03769,1,21,91.4,93.18728,81.09908,94.81281,50.0,92.03769,1.44311
1419,2025-396605,BLIS,91.58587,1,24,65.74,93.29436,70.68569,100.0,50.0,91.58587,1.67708
1420,2025-819296,BSCS,91.06093,1,18,45.77,67.49165,88.61461,100.0,43.8902,91.06093,1.75664
1421,2025-429549,BSIT,89.85191,1,21,86.61,86.849,84.79096,96.29144,43.06058,89.85191,1.50365
1422,2025-373561,BSCS,89.4446,1,20,69.65,69.15883,90.58447,100.0,36.6844,89.4446,1.65
1423,2025-232311,BLIS,90.2575,1,18,40.75,96.95838,71.0916,100.0,43.87174,90.2575,1.76411
1424,2025-310748,BLIS,88.87699,1,20,74.66,98.46722,70.61137,100.0,42.9943,88.87699,1.64425
1425,2025-208036,BSIT,91.74541,1,21,94.75,100.0,100.0,83.46167,50.0,91.74541,1.15307
1426,2025-783825,BSDSA,92.12086,1,19,53.13,93.06854,80.40873,100.0,26.80338,92.12086,1.60409
1427,2025-886628,BSCS,91.20152,1,20,47.04,100.0,79.09515,96.83795,35.52184,91.20152,1.60347
1428,2025-908867,BSIT,90.17548,1,21,56.98,80.33539,83.18895,100.0,39.12792,90.17548,1.68832
1429,2025-310617,BSIT,91.40819,1,24,85.02,88.46941,100.0,88.37114,43.16642,91.40819,1.28963
1430,2025-506014,BSIT,89.48591,1,25,80.94,78.43257,84.97419,100.0,37.81278,89.48591,1.59731
1431,2025-835788,BSCS,90.95184,1,18,70.16,71.94245,85.45209,100.0,46.4165,90.95184,1.66317
1432,2025-929535,BSIT,92.98051,1,24,92.65,100.0,81.81537,92.73106,50.0,92.98051,1.35993
1433,2025-488038,BSIT,90.68509,1,21,87.07,91.35561,94.47752,89.02997,49.88658,90.68509,1.33618
1434,2025-697090,BSIT,89.7976,1,19,69.69,100.0,75.62592,98.11635,38.73066,89.7976,1.57697
1435,2025-565182,BLIS,90.78676,1,24,90.3,90.10862,74.52791,100.0,46.94542,90.78676,1.57101
1436,2025-610145,BLIS,91.43871,1,20,65.51,90.34169,79.19385,98.91878,40.4168,91.43871,1.60188
1437,2025-975777,BSDSA,89.39232,1,20,81.18,87.00507,93.81847,93.13955,37.76508,89.39232,1.42314
1438,2025-247001,BSIT,92.1224,1,19,84.3,86.63552,76.20974,100.0,48.14185,92.1224,1.58124
1439,2025-691509,BSIT,93.19392,1,22,87.02,78.4382,84.66223,100.0,39.46544,93.19392,1.51736
1440,2025-960857,BSCS,91.755,1,20,79.92,84.94366,81.24265,100.0,38.28283,91.755,1.55778
1441,2025-955805,BSIT,91.02217,1,22,76.56,80.00216,83.52433,100.0,40.22647,91.02217,1.5951
1442,2025-228422,BSCS,91.07287,1,22,69.75,81.5859,97.47608,90.6929,49.52085,91.07287,1.44143
1443,2025-306729,BSDSA,89.49446,1,25,51.4,87.24666,85.97274,100.0,24.10044,89.49446,1.63284
1444,2025-580743,BSCS,92.2456,1,20,78.78,87.45944,79.14433,100.0,40.99017,92.2456,1.55954
1445,2025-616764,BSIT,92.77011,1,24,78.38,84.64504,77.23008,100.0,50.0,92.77011,1.59824
1446,2025-662591,BSCS,91.31973,1,24,72.85,99.50464,71.39195,100.0,42.60851,91.31973,1.59474
1447,2025-719740,BSCS,92.81612,1,24,98.22,90.78449,97.66301,88.01287,50.0,92.81612,1.22383
1448,2025-750651,BSCS,92.35576,1,20,53.11,76.12353,88.15027,100.0,35.91291,92.35576,1.64308
1449,2025-947792,BSIT,91.1173,1,23,46.18,75.40114,86.4668,100.0,41.2567,91.1173,1.71659
1450,2025-613201,BSCS,90.62372,1,24,59.08,79.81826,85.15823,100.0,37.99876,90.62372,1.65326
1451,2025-818929,BSIT,93.12276,1,25,70.98,85.75275,86.06885,96.81869,42.77477,93.12276,1.50727
1452,2025-633470,BSCS,90.15659,1,22,55.27,84.49046,83.32151,98.99878,40.69419,90.15659,1.66063
1453,2025-745913,BSIT,92.07718,1,25,78.88,81.80617,83.20545,100.0,40.05011,92.07718,1.55833
1454,2025-510414,BSCS,91.04378,1,25,64.22,78.48605,85.14634,100.0,40.23051,91.04378,1.63678
1455,2025-809345,BSCS,92.08244,1,18,97.77,100.0,100.0,84.22304,50.0,92.08244,1.1356
1456,2025-886234,BSIT,91.41185,1,19,85.33,89.40318,87.94205,93.44482,50.0,91.41185,1.42556
1457,2025-401211,BSIT,91.52291,1,23,92.1,96.3617,93.58542,88.69149,49.25719,91.52291,1.27331
1458,2025-879351,BSCS,91.9255,1,22,78.04,100.0,95.06141,86.71995,50.0,91.9255,1.2763
1459,2025-995029,BSCS,92.6358,1,25,66.8,79.3144,82.65698,100.0,45.69759,92.6358,1.62423
1460,2025-178686,BSDSA,91.88833,1,19,73.0,78.25519,83.35846,100.0,45.63204,91.88833,1.61144
1461,2025-564381,BSIT,90.65345,1,19,90.43,100.0,81.84947,94.82369,43.22508,90.65345,1.40563
1462,2025-584514,BSIT,90.03712,1,23,68.57,80.64533,94.43172,95.42218,37.85542,90.03712,1.50678
1463,2025-708853,BSIT,91.75016,1,21,85.65,87.7487,76.16184,100.0,50.0,91.75016,1.57347
1464,2025-775252,BSCS,90.75762,1,23,71.37,81.58265,81.38212,100.0,46.22005,90.75762,1.63315
1465,2025-530477,BSIT,90.5206,1,21,79.7,90.65258,91.80139,92.87958,42.2796,90.5206,1.40603
1466,2025-609292,BSCS,90.42775,1,23,67.97,93.47728,74.69085,100.0,45.4696,90.42775,1.63717
1467,2025-776574,BSCS,90.45897,1,24,85.18,92.31426,91.61789,91.6452,46.76724,90.45897,1.37401
1468,2025-113128,BSIT,91.86054,1,25,84.05,86.17233,82.8036,97.37114,49.42026,91.86054,1.51101
1469,2025-267807,BSCS,93.39498,1,22,72.94,77.79295,100.0,91.74418,47.13524,93.39498,1.39158
1470,2025-412764,BSCS,91.41261,1,22,94.11,100.0,100.0,84.51141,50.0,91.41261,1.16096
1471,2025-483211,BSCS,89.97853,1,23,78.02,76.05924,88.14335,100.0,38.1175,89.97853,1.58207
1472,2025-433252,BSIT,91.90124,1,25,88.54,100.0,89.57943,89.75425,50.0,91.90124,1.30047
1473,2025-565782,BSCS,91.87483,1,20,75.06,80.54558,96.90531,92.61794,46.69004,91.87483,1.42253
1474,2025-496387,BLIS,93.49794,1,23,73.56,86.49909,77.32047,100.0,50.0,93.49794,1.58995
1475,2025-727292,BSIT,90.529,1,21,65.68,78.67531,91.41504,96.22292,45.3961,90.529,1.56243
1476,2025-461660,BSCS,92.51421,1,20,81.44,98.21225,70.31551,100.0,50.0,92.51421,1.56453
1477,2025-111181,BSIT,91.15828,1,20,53.25,86.38558,80.87699,100.0,41.33796,91.15828,1.66686
1478,2025-620666,BSIT,90.86502,1,21,57.68,83.83984,81.99595,100.0,42.37012,90.86502,1.66077
1479,2025-105135,BSIT,90.18969,1,22,57.94,80.85527,81.7157,100.0,47.8435,90.18969,1.69777
1480,2025-486543,BLIS,93.76164,1,23,83.59,96.62846,85.94371,92.74965,50.0,93.76164,1.3611
1481,2025-720490,BSCS,92.72424,1,21,68.58,67.07449,90.47789,100.0,46.75723,92.72424,1.61976
1482,2025-474535,BSIT,94.08007,1,21,83.13,89.65147,85.20969,95.6093,48.02499,94.08007,1.42247
1483,2025-503075,BSCS,94.05027,1,24,84.56,94.06589,100.0,86.57083,50.0,94.05027,1.20443
1484,2025-934283,BSIT,91.18968,1,19,91.05,90.61042,100.0,88.68847,44.62399,91.18968,1.25188
1485,2025-224990,BSCS,92.70355,1,25,78.32,73.59917,87.29881,100.0,45.43263,92.70355,1.56708
1486,2025-698500,BSCS,90.52023,1,22,91.35,88.26626,79.20328,100.0,43.73971,90.52023,1.52971
1487,2025-891842,BSCS,92.02561,1,21,82.0,85.70784,84.49576,100.0,34.37908,92.02561,1.49998
1488,2025-654227,BSDSA,91.58952,1,25,85.78,92.61155,83.16256,97.19356,41.42124,91.58952,1.4526
1489,2025-422716,BSCS,90.7867,1,20,58.49,97.41811,76.78014,100.0,36.15205,90.7867,1.61275
1490,2025-438616,BLIS,92.51054,1,22,64.18,88.89836,78.47618,100.0,45.2668,92.51054,1.61021
1491,2025-260673,BSCS,92.41888,1,23,65.41,85.37855,81.60063,100.0,42.83527,92.41888,1.59742
1492,2025-899997,BLIS,92.09383,1,18,84.26,100.0,100.0,85.00094,50.0,92.09383,1.18946
1493,2025-784993,BLIS,91.58617,1,23,68.41,72.93145,91.32301,100.0,37.31833,91.58617,1.58165
1494,2025-818206,BSIT,91.28745,1,19,76.57,99.63333,85.0703,93.59266,45.05294,91.28745,1.41521
1495,2025-423065,BSCS,94.79395,1,18,82.27,75.58778,84.76346,100.0,50.0,94.79395,1.53235
1496,2025-171207,BSIT,92.22913,1,19,73.08,94.77813,73.52861,100.0,49.40374,92.22913,1.59145
1497,2025-586033,BSCS,92.37526,1,22,81.04,76.99363,85.47274,100.0,46.2996,92.37526,1.55621
1498,2025-728103,BSDSA,94.04887,1,21,84.6,79.59723,85.7092,100.0,42.94317,94.04887,1.49153
1499,2025-711063,BSCS,91.00144,1,21,57.63,91.99748,81.57599,100.0,34.88595,91.00144,1.59857
1500,2025-858543,BSCS,91.3536,1,22,71.88,92.17112,79.17202,100.0,40.67023,91.3536,1.56339
1501,2025-535950,BSCS,92.73092,1,20,72.38,69.43737,90.34908,100.0,46.90732,92.73092,1.5871
1502,2025-303004,BLIS,91.93824,1,18,73.56,85.76111,98.60437,90.90805,47.2869,91.93824,1.36541
1503,2025-910592,BSCS,91.78752,1,25,98.84,84.23903,90.69826,94.87068,49.6893,91.78752,1.37375
1504,2025-348782,BSCS,92.02417,1,21,95.37,80.64911,82.57522,100.0,49.81281,92.02417,1.51004
1505,2025-760048,BSCS,92.30502,1,19,69.64,88.66247,79.90264,100.0,44.52161,92.30502,1.57643
1506,2025-284433,BSCS,93.15679,1,21,74.61,77.29575,85.23493,100.0,48.47248,93.15679,1.56987
1507,2025-422594,BSCS,92.29851,1,19,79.25,74.2612,89.39374,100.0,42.7835,92.29851,1.53941
1508,2025-922938,BSIT,92.338,1,25,77.8,71.87755,89.61304,100.0,45.8655,92.338,1.56102
1509,2025-387561,BSDSA,91.45335,1,18,67.56,67.79183,94.95083,100.0,38.77223,91.45335,1.58476
1510,2025-809878,BSIT,90.74483,1,21,83.01,85.75833,82.49891,100.0,42.95768,90.74483,1.53999
1511,2025-977042,BSIT,92.82645,1,20,66.74,95.16408,100.0,89.90029,35.6233,92.82645,1.2865
1512,2025-531369,BSCS,92.41562,1,20,85.64,85.52424,83.47405,100.0,40.92818,92.41562,1.49291
1513,2025-241688,BSCS,94.40734,1,19,90.31,98.14488,94.32704,90.34299,43.30273,94.40734,1.21116
1514,2025-865782,BSCS,90.22069,1,20,89.65,87.35329,100.0,90.25941,45.76718,90.22069,1.29904
1515,2025-656112,BSCS,92.78098,1,19,58.36,73.20387,87.4487,100.0,50.0,92.78098,1.64705
1516,2025-141521,BSCS,91.02493,1,25,89.88,99.1712,100.0,87.35807,43.10115,91.02493,1.19071
1517,2025-919532,BSDSA,93.39886,1,19,92.48,100.0,91.99502,90.55483,45.90972,93.39886,1.23176
1518,2025-699280,BSCS,94.43972,1,21,90.79,95.69354,75.65587,100.0,46.0591,94.43972,1.45239
1519,2025-901965,BSCS,93.6466,1,22,68.69,96.74341,83.62621,95.80812,45.52057,93.6466,1.44943
1520,2025-594020,BSIT,95.34879,1,19,73.33,87.95183,100.0,89.40919,50.0,95.34879,1.27748
1521,2025-316100,BSCS,90.64048,1,18,47.56,89.20145,95.30787,93.09371,41.63338,90.64048,1.50221
1522,2025-397228,BSCS,91.97476,1,18,72.24,94.16555,80.46806,100.0,37.16967,91.97476,1.5205
1523,2025-287633,BSIT,93.77155,1,23,74.17,56.21948,100.0,100.0,45.31746,93.77155,1.55322
1524,2025-277124,BSIT,90.82929,1,19,73.8,78.13537,86.91851,100.0,45.32974,90.82929,1.58343
1525,2025-298245,BSCS,91.78612,1,23,85.92,94.7469,76.70916,100.0,46.00217,91.78612,1.50926
1526,2025-474669,BLIS,91.9896,1,22,56.7,81.44487,88.45269,100.0,36.59935,91.9896,1.58838
1527,2025-205423,BSIT,92.78557,1,22,73.73,70.86992,90.472,100.0,47.49536,92.78557,1.56789
1528,2025-203959,BSIT,92.8819,1,25,74.38,89.12882,94.42539,94.92434,35.84307,92.8819,1.37023
1529,2025-728335,BSCS,93.14954,1,20,58.14,74.10102,93.14945,98.51735,43.68429,93.14954,1.56645
1530,2025-815540,BSIT,91.7366,1,20,88.74,82.44597,87.75052,100.0,37.30973,91.7366,1.46468
1531,2025-169958,BSCS,92.36262,1,20,80.27,99.02506,86.15894,94.00633,47.28747,92.36262,1.37501
1532,2025-790899,BSIT,92.30826,1,21,98.49,93.00344,88.20078,94.32773,50.0,92.30826,1.32667
1533,2025-715796,BSCS,92.97052,1,23,79.16,100.0,76.13343,100.0,41.91295,92.97052,1.48223
1534,2025-550766,BSIT,93.53692,1,22,61.28,66.24012,94.48678,100.0,46.67113,93.53692,1.59453
1535,2025-937813,BSDSA,93.43711,1,23,94.78,91.4312,78.12976,100.0,50.0,93.43711,1.45688
1536,2025-944818,BSCS,92.11857,1,19,86.11,83.44572,86.16981,100.0,42.12429,92.11857,1.48006
1537,2025-576072,BSIT,91.21879,1,23,74.54,100.0,75.2092,100.0,44.69725,91.21879,1.53983
1538,2025-665956,BSIT,92.34181,1,22,79.94,71.16094,95.44528,100.0,37.41581,92.34181,1.48814
1539,2025-566678,BSIT,92.02325,1,23,78.38,86.42186,83.78556,100.0,43.75916,92.02325,1.51731
1540,2025-441873,BSIT,93.68159,1,24,62.82,78.64507,89.45975,100.0,41.39082,93.68159,1.54714
1541,2025-178834,BSCS,92.99532,1,24,92.95,90.07454,94.83735,92.80909,46.83253,92.99532,1.28163
1542,2025-556535,BSCS,92.09152,1,24,71.35,85.26767,85.16097,100.0,42.32313,92.09152,1.53706
1543,2025-892684,BLIS,93.03809,1,22,71.97,75.61979,91.77963,100.0,40.2553,93.03809,1.5172
1544,2025-493951,BSIT,93.5763,1,25,87.95,84.4249,100.0,92.33727,44.89093,93.5763,1.27558
1545,2025-648753,BSCS,92.81273,1,18,87.1,81.46777,84.49507,100.0,50.0,92.81273,1.50091
1546,2025-438581,BSCS,92.76858,1,21,67.17,89.69272,85.45908,99.5806,37.38484,92.76858,1.50397
1547,2025-176553,BSIT,90.66831,1,25,65.2,89.40843,86.50524,100.0,33.46695,90.66831,1.53518
1548,2025-171261,BSIT,91.57683,1,18,87.54,83.87425,99.04864,92.1573,49.91176,91.57683,1.32503
1549,2025-683828,BSCS,91.27891,1,24,65.16,89.21182,84.27363,99.96383,40.01508,91.27891,1.55392
1550,2025-383879,BSIT,93.85325,1,23,83.33,90.82582,80.84374,100.0,46.14681,93.85325,1.4683
1551,2025-659361,BSIT,93.00895,1,18,91.85,100.0,73.86577,100.0,50.0,93.00895,1.45807
1552,2025-201252,BSCS,93.07237,1,24,69.98,85.5402,87.00463,100.0,39.06822,93.07237,1.50254
1553,2025-227197,BSIT,95.32674,1,23,86.0,95.30915,95.0298,90.91212,50.0,95.32674,1.22794
1554,2025-198404,BSIT,92.99553,1,19,89.55,91.73893,100.0,89.51517,50.0,92.99553,1.21996
1555,2025-124176,BSCS,93.44089,1,25,96.6,100.0,75.06655,100.0,47.58513,93.44089,1.41775
1556,2025-576250,BSCS,91.52047,1,23,75.75,89.60383,81.03723,100.0,48.39987,91.52047,1.5434
1557,2025-477238,BSIT,93.47282,1,21,83.23,83.27054,84.22842,100.0,50.0,93.47282,1.49461
1558,2025-213772,BSCS,92.76969,1,22,66.95,73.11455,96.68855,100.0,34.44742,92.76969,1.50271
1559,2025-715446,BSCS,93.73969,1,22,93.02,100.0,96.79139,89.97899,44.04281,93.73969,1.16659
1560,2025-536562,BLIS,91.2907,1,19,71.22,93.613,80.3037,100.0,44.81535,91.2907,1.54192
1561,2025-936701,BSCS,94.0358,1,23,80.86,90.61895,80.53388,99.75096,50.0,94.0358,1.48063
1562,2025-791989,BSIT,93.99521,1,21,80.19,89.11517,82.02723,100.0,47.37853,93.99521,1.47807
1563,2025-634435,BSIT,94.64661,1,20,91.88,97.33298,99.5465,88.66768,47.91527,94.64661,1.14491
1564,2025-362820,BSIT,93.97003,1,18,82.52,93.18259,90.27486,94.2094,50.0,93.97003,1.33764
1565,2025-749978,BSIT,94.53278,1,19,82.12,90.4669,92.11913,94.56798,47.72198,94.53278,1.32983
1566,2025-626768,BSIT,93.0315,1,19,82.34,81.80604,100.0,94.51855,41.67799,93.0315,1.32769
1567,2025-761250,BSIT,91.41779,1,24,76.6,100.0,93.46777,91.54498,45.73778,91.41779,1.3093
1568,2025-257698,BSCS,92.64619,1,18,90.32,97.32701,97.84938,91.42441,39.52093,92.64619,1.20357
1569,2025-978919,BSDSA,93.905,1,18,97.39,70.54545,92.60005,100.0,50.0,93.905,1.4324
1570,2025-451117,BSIT,92.9175,1,20,68.24,87.57901,91.90664,97.66455,37.91313,92.9175,1.43685
1571,2025-218354,BSIT,93.85801,1,23,65.03,100.0,80.9922,98.69685,41.62157,93.85801,1.46625
1572,2025-420596,BLIS,93.8505,1,23,89.3,88.17954,100.0,91.136,49.70596,93.8505,1.23576
1573,2025-996482,BSDSA,91.71308,1,19,80.54,75.34529,93.54002,100.0,40.78813,91.71308,1.48519
1574,2025-301189,BSCS,92.65458,1,21,74.08,90.34266,86.46635,100.0,36.61097,92.65458,1.46087
1575,2025-975069,BLIS,94.91149,1,24,75.01,92.35131,82.26349,100.0,44.13227,94.91149,1.4554
1576,2025-461354,BLIS,93.58359,1,22,81.23,91.85503,87.82461,97.05782,45.73122,93.58359,1.38901
1577,2025-897662,BSIT,94.12489,1,21,59.74,92.09226,82.38626,100.0,44.2717,94.12489,1.52967
1578,2025-393446,BSCS,94.29638,1,23,98.61,100.0,75.44481,100.0,50.0,94.29638,1.39148
1579,2025-439081,BSCS,93.34124,1,21,78.81,100.0,100.0,88.02884,48.55677,93.34124,1.1913
1580,2025-120171,BSCS,93.88429,1,21,90.16,93.23021,79.7256,100.0,49.56295,93.88429,1.43466
1581,2025-664677,BSIT,93.93416,1,20,73.13,100.0,99.44249,89.75612,41.45369,93.93416,1.21122
1582,2025-807824,BSIT,93.54899,1,25,96.03,100.0,95.008,90.31176,50.0,93.54899,1.179
1583,2025-546280,BLIS,92.97057,1,24,89.8,100.0,78.9283,99.68403,43.36229,92.97057,1.40613
1584,2025-288852,BSCS,93.99449,1,25,77.11,96.69533,80.4112,100.0,43.09598,93.99449,1.44915
1585,2025-380363,BSCS,93.68913,1,21,71.06,89.28471,85.63259,100.0,41.56029,93.68913,1.47487
1586,2025-511611,BSDSA,91.75984,1,25,67.65,85.79042,91.13037,99.69561,34.60068,91.75984,1.48135
1587,2025-565808,BSIT,93.68923,1,24,92.99,99.61841,80.24854,100.0,39.58139,93.68923,1.36908
1588,2025-946390,BLIS,93.78249,1,20,80.89,86.65358,86.60488,100.0,43.47017,93.78249,1.44343
1589,2025-793758,BSCS,92.30946,1,24,91.36,82.41702,86.54993,100.0,50.0,92.30946,1.45967
1590,2025-901185,BSCS,93.28693,1,19,88.99,83.80519,96.10849,96.59176,41.09049,93.28693,1.32771
1591,2025-468377,BSIT,95.03331,1,19,70.8,94.08288,79.58857,100.0,50.0,95.03331,1.48854
1592,2025-653548,BLIS,95.17191,1,24,95.2,100.0,80.58434,100.0,38.67475,95.17191,1.32944
1593,2025-693552,BSIT,90.37109,1,22,58.19,86.89287,89.68784,100.0,35.68902,90.37109,1.54991
1594,2025-158061,BSCS,94.5223,1,22,93.52,91.21444,100.0,90.71176,50.0,94.5223,1.18385
1595,2025-830049,BSCS,93.43864,1,20,78.02,65.35081,99.2044,100.0,44.36427,93.43864,1.47964
1596,2025-838368,BSCS,93.54826,1,25,95.86,87.23034,100.0,92.34285,47.84265,93.54826,1.22195
1597,2025-872718,BSDSA,92.10244,1,23,75.83,94.35339,88.05437,96.8008,44.8034,92.10244,1.41156
1598,2025-699953,BSDSA,92.34156,1,19,91.28,75.43297,100.0,95.47654,50.0,92.34156,1.35395
1599,2025-312934,BSIT,92.14624,1,19,85.6,95.69246,100.0,89.68573,48.61447,92.14624,1.21772
1600,2025-275471,BSCS,92.79079,1,18,75.72,100.0,88.59798,95.73179,40.64628,92.79079,1.34929
1601,2025-753253,BSCS,92.61744,1,22,84.07,100.0,79.36467,100.0,42.41274,92.61744,1.42946
1602,2025-185269,BSIT,93.00602,1,19,69.71,80.55932,91.60797,100.0,41.63736,93.00602,1.48929
1603,2025-956514,BSIT,93.48432,1,24,67.24,73.66594,94.91776,100.0,43.91116,93.48432,1.50695
1604,2025-492538,BSCS,95.23373,1,18,91.25,100.0,97.75902,89.46229,50.0,95.23373,1.13815
1605,2025-874540,BSDSA,94.0179,1,20,77.0,99.9487,78.3413,100.0,45.98802,94.0179,1.44803
1606,2025-909472,BSCS,95.94167,1,21,71.57,79.79293,93.22824,99.78471,40.24921,95.94167,1.42157
1607,2025-671242,BSIT,94.09245,1,21,79.7,92.74456,81.23468,100.0,50.0,94.09245,1.45895
1608,2025-434945,BSCS,95.80821,1,23,56.44,98.1363,85.40372,97.0579,46.44742,95.80821,1.43137
1609,2025-595817,BSIT,93.28359,1,23,89.24,100.0,83.57824,96.70208,50.0,93.28359,1.34756
1610,2025-628990,BSIT,93.28097,1,23,72.62,76.20532,100.0,96.57027,45.51042,93.28097,1.40738
1611,2025-875315,BSCS,94.90174,1,18,80.29,91.28186,91.12207,97.75868,39.21681,94.90174,1.33669
1612,2025-468928,BSIT,96.91516,1,25,79.94,77.95318,94.80036,98.49213,46.72869,96.91516,1.36837
1613,2025-117974,BSCS,92.82872,1,25,84.12,94.18101,82.60792,100.0,45.42023,92.82872,1.43352
1614,2025-560626,BSDSA,93.29174,1,25,79.33,79.54866,90.45049,100.0,47.84431,93.29174,1.46822
1615,2025-616655,BSIT,93.33776,1,20,70.44,87.0512,87.95941,100.0,42.8697,93.33776,1.47291
1616,2025-170769,BSCS,94.34673,1,20,63.79,82.65631,93.25606,100.0,36.44759,94.34673,1.45497
1617,2025-277180,BLIS,93.15481,1,21,65.56,100.0,84.91935,100.0,31.43919,93.15481,1.42825
1618,2025-663825,BSCS,94.40139,1,22,58.68,82.63099,93.17789,100.0,36.94276,94.40139,1.47568
1619,2025-386089,BSIT,93.79177,1,20,90.46,77.2818,91.18347,100.0,50.0,93.79177,1.42504
1620,2025-585445,BSIT,93.05937,1,19,85.76,92.45822,82.96892,100.0,47.7837,93.05937,1.43272
1621,2025-205487,BSCS,93.9355,1,18,69.58,89.8994,86.06761,100.0,44.22206,93.9355,1.46671
1622,2025-907405,BLIS,92.97748,1,21,73.61,100.0,82.36345,100.0,38.4857,92.97748,1.42956
1623,2025-229723,BSIT,93.5159,1,21,75.79,86.58997,88.76882,100.0,42.98355,93.5159,1.44264
1624,2025-289089,BSIT,94.07126,1,18,73.68,78.85988,94.31665,100.0,40.79585,94.07126,1.43746
1625,2025-438748,BSCS,92.84558,1,22,95.67,75.26035,93.90015,100.0,47.40549,92.84558,1.40291
1626,2025-971598,BSCS,91.7085,1,22,72.32,78.65337,92.49763,100.0,45.84984,91.7085,1.50419
1627,2025-555196,BSIT,95.01508,1,22,77.73,98.55394,92.74188,93.52072,47.8099,95.01508,1.2675
1628,2025-321674,BSIT,93.48809,1,23,63.02,80.23582,97.37714,99.57833,33.50664,93.48809,1.4417
1629,2025-743129,BSIT,93.00273,1,21,68.06,95.16262,84.53218,100.0,41.32099,93.00273,1.46403
1630,2025-751970,BSCS,93.45239,1,21,59.67,91.12306,83.57931,100.0,50.0,93.45239,1.53415
1631,2025-391701,BSIT,91.57863,1,21,48.43,91.75922,93.53523,100.0,24.20317,91.57863,1.48453
1632,2025-984344,BSCS,92.29438,1,23,66.35,84.05941,92.23394,100.0,39.0872,92.29438,1.47861
1633,2025-206361,BSCS,93.54688,1,23,79.55,85.85347,88.19368,100.0,46.53253,93.54688,1.4399
1634,2025-963616,BLIS,94.38383,1,21,82.82,75.628,94.56305,100.0,46.05589,94.38383,1.4188
1635,2025-906767,BSCS,94.81602,1,21,80.61,89.62822,84.74191,100.0,50.0,94.81602,1.42657
1636,2025-588869,BSCS,93.55446,1,18,99.41,93.11387,82.72883,100.0,50.0,93.55446,1.36783
1637,2025-714740,BSIT,95.07019,1,22,81.69,95.35111,83.69753,100.0,44.35264,95.07019,1.38494
1638,2025-164123,BSIT,91.64545,1,21,95.08,100.0,80.80176,100.0,44.73484,91.64545,1.38373
1639,2025-180754,BSCS,94.07968,1,23,96.9,86.95883,86.5736,100.0,50.0,94.07968,1.37257
1640,2025-573251,BSIT,94.29695,1,19,99.91,94.6032,91.57973,96.10584,45.85604,94.29695,1.23583
1641,2025-293503,BSCS,93.79261,1,18,76.78,66.07318,100.0,100.0,48.13458,93.79261,1.46361
1642,2025-160567,BSCS,94.65822,1,21,68.89,89.94867,86.98206,100.0,44.98028,94.65822,1.44653
1643,2025-788668,BSIT,94.50092,1,24,87.4,81.77504,91.86127,100.0,45.19314,94.50092,1.38185
1644,2025-848696,BSIT,94.09559,1,23,59.13,78.87361,95.66943,99.85681,41.0279,94.09559,1.47893
1645,2025-936251,BSCS,92.99222,1,25,69.83,85.90994,93.17632,100.0,36.05837,92.99222,1.42741
1646,2025-968477,BSIT,95.15961,1,22,60.28,92.59403,88.27747,100.0,38.30694,95.15961,1.43624
1647,2025-269606,BSIT,94.66306,1,22,85.61,88.77164,87.15638,100.0,46.85283,94.66306,1.3869
1648,2025-541280,BSCS,94.36286,1,24,83.02,85.36277,91.76784,98.45945,48.16589,94.36286,1.374
1649,2025-285719,BSDSA,95.31522,1,25,75.83,86.36862,93.71548,100.0,34.14572,95.31522,1.3561
1650,2025-733862,BLIS,92.60403,1,18,91.13,100.0,80.02574,100.0,47.99087,92.60403,1.39351
1651,2025-532688,BSIT,95.57858,1,24,84.66,88.48913,89.60772,100.0,41.47432,95.57858,1.3489
1652,2025-799184,BSCS,94.28571,1,18,87.1,100.0,83.80783,100.0,38.98473,94.28571,1.33733
1653,2025-745926,BLIS,93.84661,1,20,52.91,88.81184,96.77844,97.94233,33.83793,93.84661,1.41498
1654,2025-902902,BSCS,93.20691,1,24,72.13,88.18282,91.60004,100.0,37.49112,93.20691,1.41551
1655,2025-300075,BLIS,95.09158,1,22,76.34,85.53802,90.58647,100.0,44.10855,95.09158,1.40183
1656,2025-374433,BSCS,95.89524,1,23,95.25,84.97237,88.5969,100.0,50.0,95.89524,1.34173
1657,2025-380560,BSDSA,96.02001,1,24,78.76,85.42282,89.43154,100.0,47.38722,96.02001,1.39208
1658,2025-133917,BSIT,93.7997,1,23,72.35,83.61166,91.97709,100.0,43.75087,93.7997,1.43719
1659,2025-490746,BSIT,93.21598,1,20,83.87,95.30589,85.35579,100.0,42.82884,93.21598,1.38635
1660,2025-451542,BSCS,95.24191,1,21,85.41,91.58713,86.45442,99.38893,48.79748,95.24191,1.36434
1661,2025-668208,BSIT,93.65598,1,22,88.32,79.77,94.26785,100.0,43.97983,93.65598,1.37885
1662,2025-702670,BSIT,92.69747,1,22,78.69,86.43803,93.75342,100.0,35.33814,92.69747,1.38554
1663,2025-156480,BLIS,94.79912,1,23,78.09,100.0,100.0,90.68448,46.15103,94.79912,1.17085
1664,2025-658673,BSIT,93.10363,1,19,68.33,84.29987,92.20285,100.0,42.92577,93.10363,1.45619
1665,2025-251863,BSCS,94.29428,1,24,96.67,86.23093,88.74021,100.0,48.68695,94.29428,1.34988
1666,2025-836834,BSCS,94.28412,1,21,72.32,96.98781,83.55015,100.0,45.83409,94.28412,1.42367
1667,2025-118468,BSCS,95.38425,1,18,93.21,90.17855,98.91025,93.57402,50.0,95.38425,1.19266
1668,2025-563615,BSCS,96.26885,1,24,69.14,100.0,81.32645,100.0,47.10678,96.26885,1.40722
1669,2025-864005,BSCS,96.52787,1,18,93.67,82.28832,94.63582,100.0,40.51411,96.52787,1.28694
1670,2025-796169,BSIT,94.18668,1,21,89.86,100.0,84.56819,100.0,39.18798,94.18668,1.31875
1671,2025-684453,BSCS,94.43545,1,21,87.68,95.52345,85.87154,100.0,42.70436,94.43545,1.34367
1672,2025-432035,BLIS,95.43002,1,18,86.94,96.91352,82.32261,100.0,49.55616,95.43002,1.36218
1673,2025-129975,BSIT,94.8644,1,18,98.03,98.79648,93.67132,94.45439,46.76106,94.8644,1.17562
1674,2025-264969,BLIS,94.53628,1,25,87.18,100.0,100.0,91.18959,45.61391,94.53628,1.1387
1675,2025-472425,BSCS,93.82961,1,20,59.36,96.42381,87.57994,100.0,38.02133,93.82961,1.43894
1676,2025-244379,BSIT,94.67504,1,23,87.11,90.88193,90.98418,97.61794,49.88749,94.67504,1.31789
1677,2025-926080,BLIS,94.94781,1,21,79.93,92.04714,100.0,93.92306,44.20109,94.94781,1.22474
1678,2025-534543,BSCS,94.04592,1,20,93.59,96.47428,100.0,93.4384,40.14516,94.04592,1.14911
1679,2025-181155,BSIT,95.73934,1,18,75.64,90.15697,88.157,99.31609,50.0,95.73934,1.38647
1680,2025-775931,BSIT,93.20271,1,22,83.93,77.8816,100.0,100.0,35.49619,93.20271,1.34998
1681,2025-235456,BSIT,95.37214,1,20,91.58,80.7421,92.50621,100.0,50.0,95.37214,1.35171
1682,2025-366563,BSIT,95.4007,1,22,97.86,100.0,83.80481,100.0,42.92274,95.4007,1.27649
1683,2025-741329,BSIT,95.08533,1,24,95.7,93.19059,85.47242,100.0,48.98799,95.08533,1.32464
1684,2025-604025,BSDSA,96.58046,1,24,67.43,100.0,86.23799,100.0,36.89365,96.58046,1.35014
1685,2025-429318,BLIS,94.94925,1,20,97.6,100.0,95.86587,93.07383,48.14346,94.94925,1.14002
1686,2025-963280,BSCS,94.27969,1,19,76.21,77.42311,100.0,100.0,37.04286,94.27969,1.3673
1687,2025-463021,BSCS,93.14609,1,23,85.84,92.49696,89.12226,100.0,41.73388,93.14609,1.35686
1688,2025-838386,BSIT,94.84221,1,18,82.59,95.96562,85.07118,100.0,46.74963,94.84221,1.36359
1689,2025-124824,BSIT,94.04263,1,25,99.31,100.0,83.19442,100.0,45.44474,94.04263,1.29974
1690,2025-173015,BSIT,96.49608,1,18,93.41,99.58284,83.22206,100.0,46.12165,96.49608,1.2871
1691,2025-325974,BLIS,94.30277,1,24,65.61,80.31627,98.20783,100.0,37.77018,94.30277,1.40769
1692,2025-208776,BSCS,93.65377,1,23,65.55,96.76656,88.78769,100.0,36.76754,93.65377,1.39975
1693,2025-283822,BLIS,94.96358,1,18,91.16,70.87499,100.0,100.0,47.7385,94.96358,1.34894
1694,2025-768095,BSIT,95.38309,1,21,87.19,100.0,83.02085,100.0,46.61079,95.38309,1.32886
1695,2025-851498,BSDSA,95.26048,1,20,95.15,89.16741,96.72962,96.77901,44.77476,95.26048,1.22114
1696,2025-484509,BSCS,95.45171,1,20,93.12,86.14205,96.52389,96.93493,50.0,95.45171,1.25287
1697,2025-268147,BLIS,94.96626,1,20,88.87,83.54444,92.88693,100.0,47.81757,94.96626,1.34206
1698,2025-860399,BSIT,95.13765,1,20,88.34,100.0,84.3479,100.0,44.99752,95.13765,1.31226
1699,2025-736669,BSIT,94.77763,1,24,61.65,97.22476,85.85438,100.0,45.49024,94.77763,1.42891
1700,2025-291931,BSDSA,94.80062,1,22,65.35,96.48112,88.86171,100.0,39.43089,94.80062,1.3836
1701,2025-660938,BSCS,95.15423,1,25,95.72,86.27242,100.0,95.40941,50.0,95.15423,1.20447
1702,2025-428504,BSIT,93.65223,1,18,81.57,92.06144,91.49111,100.0,39.79093,93.65223,1.3409
1703,2025-638958,BSCS,95.51592,1,22,87.41,76.03553,97.34142,100.0,49.22433,95.51592,1.34572
1704,2025-257705,BSDSA,95.2322,1,23,94.97,75.01568,100.0,100.0,44.1265,95.2322,1.29628
1705,2025-691711,BSDSA,95.15976,1,22,91.7,100.0,100.0,91.54949,49.17272,95.15976,1.11064
1706,2025-708244,BSDSA,95.75582,1,24,93.21,84.46374,100.0,96.07895,50.0,95.75582,1.21936
1707,2025-596907,BSDSA,95.35374,1,19,86.4,93.94037,88.11736,100.0,45.88793,95.35374,1.31981
1708,2025-789084,BSIT,95.18602,1,24,67.31,76.33507,100.0,100.0,42.85156,95.18602,1.3971
1709,2025-827866,BSIT,95.64916,1,20,85.5,90.35362,90.21649,100.0,46.34897,95.64916,1.32219
1710,2025-139809,BSCS,95.56155,1,24,95.36,92.39067,100.0,95.34883,42.13513,95.56155,1.15045
1711,2025-567564,BSCS,94.88711,1,22,84.52,98.56465,99.92668,92.52686,47.43067,94.88711,1.15609
1712,2025-618914,BSCS,95.67856,1,22,71.09,90.55789,89.78755,100.0,47.47977,95.67856,1.38287
1713,2025-563588,BSCS,95.62805,1,23,91.82,85.55717,91.7822,100.0,50.0,95.62805,1.31683
1714,2025-771840,BSIT,94.28306,1,22,61.1,100.0,88.53392,100.0,36.53021,94.28306,1.38466
1715,2025-580246,BSDSA,95.60576,1,25,89.77,98.65923,83.98694,100.0,50.0,95.60576,1.31411
1716,2025-258957,BSIT,95.21401,1,24,85.94,80.86307,96.90534,100.0,44.8126,95.21401,1.32305
1717,2025-727568,BSIT,98.37306,1,20,58.09,93.27566,91.15337,100.0,40.973,98.37306,1.35363
1718,2025-430688,BSIT,95.2976,1,19,96.43,81.84341,99.15594,98.0078,48.25465,95.2976,1.2449
1719,2025-724746,BSCS,96.11032,1,24,78.35,89.20717,93.96774,100.0,40.25999,96.11032,1.30756
1720,2025-997365,BSCS,94.89445,1,23,82.41,80.36963,100.0,100.0,38.50597,94.89445,1.30909
1721,2025-291179,BSDSA,94.78792,1,19,75.48,89.69319,94.12738,100.0,39.22164,94.78792,1.3344
1722,2025-448998,BSIT,95.52159,1,25,67.4,75.86226,99.29575,100.0,47.14666,95.52159,1.40361
1723,2025-420494,BSIT,95.41909,1,21,67.36,89.7664,91.61762,100.0,45.83677,95.41909,1.38631
1724,2025-876188,BSIT,95.02569,1,23,62.9,85.99627,94.26321,100.0,44.9152,95.02569,1.40886
1725,2025-848743,BSIT,95.92783,1,22,97.84,96.56617,85.91417,100.0,50.0,95.92783,1.2703
1726,2025-154024,BSCS,95.4166,1,22,91.44,95.66098,99.84818,93.38358,49.71121,95.4166,1.14411
1727,2025-524254,BSIT,95.31254,1,18,84.94,96.19389,100.0,94.42741,43.71507,95.31254,1.16569
1728,2025-906283,BSCS,95.87113,1,23,90.66,91.20347,89.33594,100.0,50.0,95.87113,1.30176
1729,2025-887937,BSIT,94.93419,1,23,82.01,100.0,86.03411,100.0,45.06288,94.93419,1.3206
1730,2025-203456,BLIS,95.11347,1,18,77.47,85.4734,95.38807,100.0,43.55014,95.11347,1.33986
1731,2025-440777,BSIT,94.04558,1,21,76.79,100.0,100.0,94.33864,38.73545,94.04558,1.18811
1732,2025-947516,BSIT,94.68301,1,20,57.39,81.70552,100.0,100.0,37.97298,94.68301,1.40187
1733,2025-812825,BSCS,95.31524,1,25,60.43,79.34665,100.0,100.0,41.61035,95.31524,1.39846
1734,2025-799116,BSIT,95.35905,1,23,79.91,95.0618,91.5201,99.45377,42.0471,95.35905,1.29588
1735,2025-380180,BSIT,95.88155,1,18,80.55,100.0,84.38136,100.0,50.0,95.88155,1.33112
1736,2025-790336,BSIT,94.53333,1,20,92.86,100.0,87.89193,100.0,41.28741,94.53333,1.26132
1737,2025-274796,BSCS,95.63796,1,19,99.24,100.0,91.5749,96.42731,50.0,95.63796,1.17393
1738,2025-934055,BSCS,95.97598,1,19,93.33,91.38618,89.83321,100.0,49.45236,95.97598,1.28198
1739,2025-369694,BSCS,95.27391,1,21,96.15,88.37532,91.50223,100.0,50.0,95.27391,1.28599
1740,2025-964764,BSIT,95.60323,1,22,83.3,74.31231,100.0,100.0,50.0,95.60323,1.34265
1741,2025-527253,BSCS,95.50645,1,21,82.63,86.42631,92.74903,100.0,50.0,95.50645,1.33698
1742,2025-718165,BSIT,95.15999,1,19,73.16,99.45546,100.0,94.21787,41.27223,95.15999,1.18916
1743,2025-774966,BSCS,96.57777,1,20,98.79,100.0,92.32305,96.365,49.42557,96.57777,1.15172
1744,2025-157304,BSCS,95.53155,1,21,83.14,100.0,94.58118,96.36985,43.95052,95.53155,1.20396
1745,2025-228222,BSIT,95.49851,1,22,81.49,98.30593,87.88301,99.55178,47.39917,95.49851,1.30502
1746,2025-990473,BSCS,95.16765,1,21,68.46,84.38046,98.15203,100.0,40.39067,95.16765,1.35061
1747,2025-231251,BSCS,94.91397,1,19,76.32,95.99741,90.07454,100.0,43.32549,94.91397,1.32722
1748,2025-551687,BSCS,95.57862,1,18,89.17,89.70607,93.97432,100.0,43.35483,95.57862,1.26872
1749,2025-372326,BSCS,96.04318,1,19,91.62,98.68236,100.0,92.99069,50.0,96.04318,1.10737
1750,2025-627034,BSCS,96.39447,1,24,94.59,100.0,96.13936,95.22127,46.57171,96.39447,1.12566
1751,2025-658174,BSCS,95.69481,1,25,93.47,96.8656,90.23929,98.76973,48.41015,95.69481,1.23721
1752,2025-349672,BSIT,95.09236,1,25,57.36,89.30034,94.53296,100.0,42.95134,95.09236,1.40028
1753,2025-114638,BSIT,96.12293,1,24,80.76,79.15842,97.8254,100.0,50.0,96.12293,1.33182
1754,2025-289470,BSCS,95.82288,1,21,84.92,88.25985,100.0,97.53428,43.30447,95.82288,1.22108
1755,2025-177909,BSDSA,96.01677,1,19,84.27,94.74953,100.0,94.77384,47.48916,96.01677,1.16866
1756,2025-891113,BSIT,95.41514,1,22,79.3,100.0,88.10782,100.0,43.3626,95.41514,1.29886
1757,2025-340222,BSDSA,95.85259,1,22,75.96,76.00315,100.0,100.0,50.0,95.85259,1.35449
1758,2025-785000,BLIS,95.68765,1,18,80.97,98.33046,86.93876,100.0,49.17664,95.68765,1.31521
1759,2025-919203,BSDSA,96.27148,1,23,84.83,79.69136,97.85148,100.0,50.0,96.27148,1.30859
1760,2025-816168,BSIT,95.8141,1,20,74.39,100.0,87.74926,99.00634,49.92256,95.8141,1.31642
1761,2025-243079,BSCS,96.1669,1,21,95.74,91.08109,91.11352,100.0,50.0,96.1669,1.25636
1762,2025-699088,BSIT,95.17982,1,25,87.06,88.13827,100.0,98.11765,41.70303,95.17982,1.22378
1763,2025-480063,BSIT,96.08627,1,23,79.29,99.01307,87.20785,100.0,48.14364,96.08627,1.30686
1764,2025-559828,BSIT,96.14125,1,22,80.85,94.75378,90.72565,100.0,45.88442,96.14125,1.2916
1765,2025-564120,BLIS,96.47861,1,18,97.22,99.55466,86.22701,100.0,50.0,96.47861,1.2363
1766,2025-325166,BSCS,95.97005,1,25,93.42,98.17078,88.89754,100.0,45.40187,95.97005,1.23866
1767,2025-459740,BSIT,94.98659,1,23,75.77,91.08405,94.09398,100.0,43.04675,94.98659,1.31933
1768,2025-783710,BSCS,95.91999,1,22,99.65,80.00674,100.0,100.0,44.98642,95.91999,1.22663
1769,2025-140717,BSCS,95.92882,1,21,94.5,93.56549,92.1675,100.0,44.23388,95.92882,1.2326
1770,2025-440705,BSCS,95.40011,1,21,94.93,83.2997,99.9505,100.0,40.26194,95.40011,1.22807
1771,2025-717047,BSCS,95.70687,1,21,75.87,79.85447,100.0,100.0,45.4744,95.70687,1.32637
1772,2025-911463,BSDSA,96.02888,1,18,67.98,79.28555,100.0,100.0,46.34528,96.02888,1.35733
1773,2025-802233,BLIS,95.83494,1,24,98.86,92.74414,90.89034,100.0,48.93798,95.83494,1.23856
1774,2025-243736,BLIS,95.78629,1,18,94.9,100.0,87.74278,99.18479,50.0,95.78629,1.23491
1775,2025-829484,BSIT,96.05703,1,23,80.5,77.05098,100.0,100.0,50.0,96.05703,1.32468
1776,2025-968409,BSCS,95.97884,1,25,93.01,90.42742,94.02646,100.0,44.95637,95.97884,1.24056
1777,2025-425556,BSCS,96.10856,1,18,97.78,96.98808,88.09263,100.0,50.0,96.10856,1.23813
1778,2025-539201,BSDSA,96.0527,1,19,88.32,94.04134,89.92685,100.0,50.0,96.0527,1.27842
1779,2025-566799,BLIS,95.6598,1,23,89.66,90.40838,94.22843,100.0,44.72581,95.6598,1.2568
1780,2025-111854,BSCS,95.52162,1,20,80.16,92.28664,93.53995,100.0,43.8837,95.52162,1.29024
1781,2025-804779,BSCS,95.35199,1,22,85.39,86.00407,96.86987,100.0,45.08575,95.35199,1.28234
1782,2025-494151,BLIS,96.33899,1,18,80.87,85.51903,97.87639,100.0,43.3115,96.33899,1.27643
1783,2025-376305,BSCS,95.43256,1,18,65.75,89.71708,96.55464,100.0,40.9565,95.43256,1.33369
1784,2025-989745,BSIT,95.99232,1,23,92.17,84.13249,100.0,100.0,40.81512,95.99232,1.22238
1785,2025-729918,BSIT,95.91168,1,20,84.62,100.0,88.79369,100.0,45.19051,95.91168,1.26141
1786,2025-199840,BSIT,96.38311,1,24,98.21,100.0,87.27574,100.0,49.10098,96.38311,1.21772
1787,2025-520495,BSIT,97.04893,1,24,79.05,84.46877,96.39638,100.0,49.68546,97.04893,1.29851
1788,2025-610143,BSIT,96.76612,1,21,92.71,96.13348,89.30782,100.0,49.91796,96.76612,1.24014
1789,2025-712456,BLIS,95.98264,1,21,98.59,85.92533,96.69237,100.0,46.88069,95.98264,1.22221
1790,2025-366327,BSCS,96.23158,1,19,93.64,94.66203,90.23006,100.0,50.0,96.23158,1.24568
1791,2025-718984,BSIT,95.5052,1,23,74.69,91.09449,98.3372,100.0,35.22572,95.5052,1.26435
1792,2025-744686,BSIT,96.46048,1,22,76.69,79.39884,99.87498,100.0,48.99913,96.46048,1.31618
1793,2025-222830,BSDSA,96.77643,1,18,92.52,91.97908,93.28357,100.0,46.63669,96.77643,1.22626
1794,2025-240223,BSIT,96.23549,1,24,78.37,83.32781,98.39069,100.0,46.87643,96.23549,1.29944
1795,2025-724099,BSIT,96.18273,1,19,83.96,90.41134,95.30419,100.0,44.15927,96.18273,1.2583
1796,2025-910085,BSDSA,95.96104,1,23,94.24,100.0,87.92515,100.0,48.36972,95.96104,1.23256
1797,2025-448356,BSCS,95.72582,1,23,92.76,83.39428,100.0,100.0,43.12413,95.72582,1.23019
1798,2025-638816,BSIT,95.38047,1,23,86.02,93.27273,94.34674,100.0,42.51492,95.38047,1.25149
1799,2025-573980,BSCS,95.47107,1,24,77.12,86.76846,100.0,100.0,38.26149,95.47107,1.26984
1800,2025-515563,BSCS,95.90979,1,24,89.06,100.0,89.60826,100.0,44.43667,95.90979,1.2339
1801,2025-568959,BSDSA,96.00106,1,19,89.95,100.0,88.67818,100.0,46.85011,96.00106,1.24004
1802,2025-190729,BSIT,95.4203,1,22,82.21,95.35671,94.82925,100.0,38.66434,95.4203,1.24363
1803,2025-980576,BSIT,96.8764,1,20,94.11,79.1875,100.0,100.0,50.0,96.8764,1.24004
1804,2025-201129,BSIT,96.00177,1,22,90.26,94.40064,92.43661,100.0,46.336,96.00177,1.23849
1805,2025-151958,BSDSA,96.43731,1,25,99.63,83.11671,100.0,100.0,44.42211,96.43731,1.19355
1806,2025-330051,BSDSA,96.20775,1,19,99.05,80.54973,100.0,100.0,48.38803,96.20775,1.22008
1807,2025-715187,BSCS,96.5477,1,24,98.75,86.11053,100.0,98.05807,50.0,96.5477,1.17135
1808,2025-856594,BSIT,96.75074,1,21,92.79,100.0,87.84298,100.0,50.0,96.75074,1.22671
1809,2025-849637,BSCS,96.09539,1,22,94.78,100.0,90.57927,100.0,43.21166,96.09539,1.1964
1810,2025-907924,BSIT,95.76389,1,24,96.64,100.0,90.27147,100.0,44.05989,95.76389,1.19796
1811,2025-861199,BSIT,95.57261,1,19,83.88,89.31479,100.0,100.0,35.80757,95.57261,1.2208
1812,2025-241910,BSIT,95.88431,1,24,92.48,91.58342,100.0,98.04764,42.18285,95.88431,1.16326
1813,2025-153452,BSIT,95.49099,1,23,90.7,100.0,92.05704,100.0,39.84078,95.49099,1.20466
1814,2025-466718,BSDSA,95.77605,1,20,91.71,100.0,91.85926,100.0,40.47119,95.77605,1.19843
1815,2025-778950,BSCS,96.56753,1,18,92.43,80.61012,100.0,100.0,50.0,96.56753,1.24032
1816,2025-206751,BLIS,96.27924,1,19,94.55,99.01423,91.66976,100.0,43.36728,96.27924,1.18918
1817,2025-707318,BLIS,96.43376,1,24,99.73,100.0,88.44164,100.0,50.0,96.43376,1.19684
1818,2025-952303,BSCS,96.02641,1,19,93.52,87.75906,97.24973,100.0,46.40286,96.02641,1.22043
1819,2025-476254,BSIT,96.82885,1,21,89.0,100.0,100.0,94.247,50.0,96.82885,1.09474
1820,2025-100388,BSIT,96.50889,1,25,92.13,88.61547,98.44747,100.0,42.20635,96.50889,1.19704
1821,2025-770171,BSDSA,96.93774,1,20,91.98,80.95414,100.0,100.0,50.0,96.93774,1.23344
1822,2025-730739,BSIT,96.9698,1,22,87.16,95.34597,91.62603,100.0,49.43466,96.9698,1.23756
1823,2025-261282,BSDSA,96.04352,1,24,96.34,85.74311,100.0,99.6661,44.57839,96.04352,1.192
1824,2025-882504,BLIS,96.55599,1,22,91.28,100.0,88.62477,100.0,50.0,96.55599,1.22649
1825,2025-714178,BSIT,96.77583,1,21,89.99,100.0,90.05936,100.0,46.45243,96.77583,1.21091
1826,2025-997058,BSCS,96.52491,1,20,72.96,82.95133,100.0,100.0,47.25103,96.52491,1.30015
1827,2025-975635,BSIT,95.8987,1,24,96.73,100.0,90.74147,100.0,44.99348,95.8987,1.1898
1828,2025-340522,BSCS,96.63982,1,21,82.86,100.0,100.0,94.37521,50.0,96.63982,1.12232
1829,2025-267857,BSCS,96.42771,1,18,95.09,96.32172,100.0,95.52285,50.0,96.42771,1.10622
1830,2025-351076,BSCS,96.35374,1,22,59.01,87.20618,100.0,100.0,41.55642,96.35374,1.32465
1831,2025-401156,BSCS,96.65705,1,25,97.63,90.72373,95.50071,100.0,47.53999,96.65705,1.19117
1832,2025-448171,BSCS,96.92151,1,19,96.57,81.66374,100.0,100.0,50.0,96.92151,1.20967
1833,2025-726928,BSIT,96.41833,1,19,92.58,100.0,91.62173,100.0,43.50786,96.41833,1.18753
1834,2025-995644,BSCS,96.6152,1,23,95.59,100.0,91.47634,100.0,43.9382,96.6152,1.17408
1835,2025-760579,BSIT,96.65257,1,25,78.43,82.08044,100.0,100.0,49.66481,96.65257,1.2832
1836,2025-762142,BSIT,96.63348,1,22,99.4,89.25355,97.22725,100.0,45.87318,96.63348,1.17551
1837,2025-278168,BSIT,96.30588,1,23,71.98,87.7822,100.0,100.0,41.22173,96.30588,1.26893
1838,2025-397373,BSCS,96.59181,1,19,96.76,83.86543,100.0,100.0,47.18826,96.59181,1.19657
1839,2025-501535,BSDSA,96.67578,1,20,81.29,96.85178,94.98952,100.0,40.92145,96.67578,1.21334
1840,2025-816704,BSCS,96.85639,1,18,86.59,83.27942,100.0,100.0,48.78848,96.85639,1.2377
1841,2025-735920,BSCS,97.17681,1,18,99.51,100.0,100.0,94.75662,50.0,97.17681,1.04713
1842,2025-698894,BSIT,96.32423,1,23,88.92,92.2686,96.48323,100.0,44.28314,96.32423,1.20718
1843,2025-533687,BSIT,96.71101,1,24,76.69,96.51259,100.0,95.87392,49.8467,96.71101,1.17376
1844,2025-238499,BSCS,96.22607,1,19,85.95,97.36572,100.0,95.59137,50.0,96.22607,1.13766
1845,2025-293397,BSCS,96.60107,1,23,93.31,90.11679,95.56628,100.0,50.0,96.60107,1.21341
1846,2025-775649,BSIT,96.97676,1,22,83.61,99.57881,89.90391,100.0,50.0,96.97676,1.23845
1847,2025-784017,BSCS,96.49892,1,23,75.29,87.01429,99.91836,100.0,43.91789,96.49892,1.25972
1848,2025-480412,BSIT,96.279,1,21,83.03,87.90198,100.0,100.0,42.57966,96.279,1.2242
1849,2025-687865,BSIT,96.62723,1,20,92.21,93.9257,95.80996,100.0,44.07109,96.62723,1.184
1850,2025-193317,BSIT,96.5235,1,19,79.92,88.95848,100.0,100.0,41.10289,96.5235,1.22428
1851,2025-661788,BSIT,96.29108,1,22,91.55,89.55625,100.0,100.0,40.34808,96.29108,1.17669
1852,2025-877071,BLIS,96.4143,1,24,83.97,99.25588,91.77868,100.0,46.56238,96.4143,1.2261
1853,2025-527153,BSIT,95.83556,1,20,84.37,94.90802,100.0,100.0,33.51576,95.83556,1.16989
1854,2025-244044,BSIT,97.52426,1,18,79.98,99.52734,91.24733,100.0,48.82235,97.52426,1.22851
1855,2025-878609,BSCS,97.3556,1,18,74.56,100.0,91.53927,100.0,47.38393,97.3556,1.2456
1856,2025-167049,BSIT,96.63894,1,21,88.32,97.34271,92.1421,100.0,50.0,96.63894,1.21605
1857,2025-519280,BSCS,97.1843,1,20,89.29,84.47884,100.0,100.0,50.0,97.1843,1.21206
1858,2025-317134,BSIT,96.80916,1,23,91.04,98.87539,91.42948,100.0,50.0,96.80916,1.19874
1859,2025-228082,BSCS,97.12077,1,19,92.82,85.60998,100.0,100.0,48.51065,97.12077,1.18991
1860,2025-553736,BSCS,96.32303,1,18,87.54,97.52091,95.49092,100.0,42.07594,96.32303,1.18261
1861,2025-577540,BSIT,96.85049,1,21,70.8,89.09,100.0,100.0,43.49646,96.85049,1.25447
1862,2025-352484,BSIT,96.78182,1,21,81.5,90.77645,100.0,100.0,41.04629,96.78182,1.19928
1863,2025-412218,BSIT,97.34962,1,19,84.04,100.0,95.02746,97.95839,50.0,97.34962,1.16592
1864,2025-365790,BSIT,97.0266,1,18,78.65,93.08289,100.0,99.20213,41.79538,97.0266,1.18831
1865,2025-511060,BSIT,96.3653,1,23,74.58,100.0,96.84494,100.0,35.35029,96.3653,1.1977
1866,2025-748015,BSIT,96.31439,1,19,95.35,91.15063,99.3734,100.0,42.44006,96.31439,1.15588
1867,2025-723533,BSIT,96.72672,1,23,94.03,95.24676,100.0,97.78691,45.85244,96.72672,1.11428
1868,2025-228673,BSCS,96.66287,1,19,99.24,95.41192,97.26667,100.0,41.56397,96.66287,1.12594
1869,2025-786123,BSDSA,96.96527,1,19,93.5,97.45919,92.68204,100.0,50.0,96.96527,1.1827
1870,2025-584016,BSIT,97.02998,1,20,94.35,99.40507,91.65197,100.0,50.0,97.02998,1.17506
1871,2025-668802,BSIT,96.89614,1,21,63.49,89.13236,99.69876,100.0,45.34766,96.89614,1.28626
1872,2025-795612,BSCS,97.07829,1,25,98.32,88.18191,100.0,100.0,46.23665,97.07829,1.14801
1873,2025-391207,BSCS,97.14564,1,23,94.74,98.34573,93.24674,100.0,47.93906,97.14564,1.16098
1874,2025-127061,BSDSA,97.57896,1,21,96.56,100.0,91.48636,100.0,49.89547,97.57896,1.15466
1875,2025-960233,BSDSA,96.79692,1,25,85.89,92.22607,97.70644,100.0,46.20393,96.79692,1.1974
1876,2025-962254,BSIT,96.59233,1,23,79.75,95.93745,96.8247,100.0,43.30857,96.59233,1.20613
1877,2025-333197,BSIT,97.30025,1,24,96.69,98.05555,92.95391,100.0,50.0,97.30025,1.15654
1878,2025-864415,BSIT,96.98831,1,23,88.12,99.76613,91.93577,100.0,50.0,96.98831,1.19435
1879,2025-187513,BSCS,97.08673,1,22,87.59,90.51564,100.0,100.0,43.78426,97.08673,1.17213
1880,2025-193267,BSIT,97.27823,1,20,73.77,100.0,92.40382,100.0,48.66356,97.27823,1.23962
1881,2025-534699,BSIT,97.54139,1,20,87.41,88.87071,98.60915,100.0,50.0,97.54139,1.19542
1882,2025-728712,BLIS,97.21038,1,18,85.03,96.13551,94.52871,100.0,49.47955,97.21038,1.20109
1883,2025-595971,BSIT,96.94746,1,21,98.81,91.44895,100.0,98.59268,50.0,96.94746,1.12201
1884,2025-959082,BSCS,97.28897,1,23,99.39,93.63031,96.21165,100.0,49.26903,97.28897,1.14223
1885,2025-402360,BSCS,97.98063,1,20,87.1,87.12464,100.0,100.0,49.57126,97.98063,1.18691
1886,2025-287348,BSIT,96.99631,1,19,84.54,100.0,95.50665,100.0,41.61066,96.99631,1.16382
1887,2025-523631,BSCS,97.45801,1,23,93.53,100.0,93.9178,100.0,45.71769,97.45801,1.13954
1888,2025-858198,BSCS,98.0277,1,25,80.2,100.0,92.25256,100.0,50.0,98.0277,1.20373
1889,2025-318824,BSCS,97.33051,1,21,96.48,87.15567,100.0,100.0,50.0,97.33051,1.15955
1890,2025-558273,BSIT,96.86568,1,18,85.76,88.97936,100.0,100.0,47.27429,96.86568,1.19527
1891,2025-198653,BSCS,97.08575,1,25,97.6,90.26707,98.26501,100.0,50.0,97.08575,1.15491
1892,2025-749781,BSIT,97.08435,1,25,75.87,89.02772,100.0,100.0,47.57355,97.08435,1.23095
1893,2025-431843,BSIT,96.85042,1,25,97.1,100.0,94.45009,100.0,45.01712,96.85042,1.12859
1894,2025-154062,BSIT,96.88389,1,19,98.41,89.61173,100.0,100.0,46.97584,96.88389,1.13932
1895,2025-632104,BSCS,97.50972,1,24,95.16,93.10813,98.31452,100.0,45.96257,97.50972,1.13457
1896,2025-404100,BSCS,97.71836,1,22,93.08,100.0,99.31089,96.63154,50.0,97.71836,1.07246
1897,2025-863107,BSIT,97.39637,1,23,96.62,100.0,100.0,97.39436,44.80549,97.39637,1.05518
1898,2025-478069,BLIS,97.22598,1,20,89.86,93.71965,100.0,100.0,41.32216,97.22598,1.13519
1899,2025-389890,BSIT,96.64838,1,23,61.18,98.0955,99.57472,100.0,35.98727,96.64838,1.22925
1900,2025-611337,BSCS,97.27367,1,19,99.1,88.17779,100.0,100.0,50.0,97.27367,1.1418
1901,2025-965958,BSIT,97.61152,1,18,83.63,100.0,94.74906,100.0,45.59256,97.61152,1.16671
1902,2025-796628,BSCS,97.09935,1,21,80.06,94.1051,100.0,100.0,41.66978,97.09935,1.17333
1903,2025-653527,BSDSA,97.78319,1,21,82.42,98.02097,94.45191,100.0,50.0,97.78319,1.1882
1904,2025-870579,BSIT,97.40024,1,25,95.72,90.68891,100.0,100.0,47.61937,97.40024,1.1332
1905,2025-388885,BSCS,98.18995,1,19,85.2,89.11509,100.0,100.0,50.0,98.18995,1.17524
1906,2025-383715,BSCS,97.72125,1,24,99.3,100.0,95.23839,100.0,46.31695,97.72125,1.0964
1907,2025-684011,BSDSA,97.43665,1,19,87.7,99.6615,97.44286,100.0,41.45522,97.43665,1.12361
1908,2025-106760,BSCS,98.01793,1,25,87.28,100.0,100.0,97.40287,48.25713,98.01793,1.08259
1909,2025-566464,BSCS,97.25857,1,22,98.12,100.0,97.58996,100.0,41.31839,97.25857,1.0803
1910,2025-613713,BSIT,97.52757,1,22,89.4,93.34631,100.0,100.0,45.41042,97.52757,1.13519
1911,2025-688384,BSIT,97.00031,1,25,90.92,100.0,95.22179,100.0,47.62803,97.00031,1.14165
1912,2025-929890,BSIT,97.37412,1,20,98.29,96.04077,100.0,100.0,41.72587,97.37412,1.08053
1913,2025-427633,BSCS,98.39003,1,21,83.05,98.06326,96.38738,100.0,47.90632,98.39003,1.1524
1914,2025-806456,BSIT,97.86808,1,22,99.45,100.0,94.46097,100.0,50.0,97.86808,1.10278
1915,2025-300403,BSIT,97.73644,1,21,99.79,100.0,94.51465,100.0,50.0,97.73644,1.10288
1916,2025-947385,BSIT,97.06387,1,22,93.01,96.83316,100.0,100.0,41.07787,97.06387,1.10027
1917,2025-256449,BSIT,97.03005,1,24,70.8,93.44226,100.0,100.0,46.38599,97.03005,1.21678
1918,2025-473271,BSIT,98.40587,1,20,94.78,91.06816,100.0,100.0,50.0,98.40587,1.11784
1919,2025-968861,BSIT,98.2767,1,25,94.68,100.0,94.8832,100.0,50.0,98.2767,1.11025
1920,2025-870231,BSCS,98.0909,1,21,81.62,92.66178,99.29436,100.0,50.0,98.0909,1.17124
1921,2025-665029,BSIT,97.6601,1,19,91.54,93.66401,100.0,100.0,47.02898,97.6601,1.12197
1922,2025-564675,BSIT,97.75799,1,23,91.8,91.82349,100.0,100.0,50.0,97.75799,1.13408
1923,2025-736314,BSCS,97.98592,1,21,75.76,100.0,97.59967,99.71321,45.18902,97.98592,1.15799
1924,2025-552912,BSCS,96.89805,1,24,84.11,100.0,100.0,100.0,37.8318,96.89805,1.11319
1925,2025-282530,BSCS,98.21144,1,22,96.96,100.0,95.48264,100.0,50.0,98.21144,1.09499
1926,2025-794604,BSIT,98.03666,1,23,81.55,92.60188,100.0,100.0,50.0,98.03666,1.1644
1927,2025-513158,BLIS,97.78495,1,20,97.87,95.22214,100.0,100.0,46.78111,97.78495,1.08218
1928,2025-163160,BSCS,97.60521,1,21,84.12,97.15049,100.0,100.0,44.12541,97.60521,1.12463
1929,2025-485904,BSIT,97.15669,1,24,97.47,100.0,100.0,100.0,40.00605,97.15669,1.05561
1930,2025-638901,BSIT,97.42443,1,20,88.07,100.0,100.0,100.0,40.06426,97.42443,1.08893
1931,2025-418030,BSCS,98.33754,1,21,89.69,94.43247,100.0,100.0,48.45321,98.33754,1.11238
1932,2025-536052,BSCS,97.46792,1,21,84.31,99.46701,100.0,100.0,41.03238,97.46792,1.10754
1933,2025-386457,BSIT,98.4209,1,23,87.45,98.0236,98.76245,100.0,46.45967,98.4209,1.10613
1934,2025-285739,BSCS,98.013,1,21,98.74,100.0,96.22135,100.0,50.0,98.013,1.08218
1935,2025-983363,BSIT,97.61897,1,18,93.38,97.52804,100.0,100.0,44.37582,97.61897,1.08435
1936,2025-226802,BSDSA,98.17259,1,18,92.33,100.0,97.00235,100.0,48.30534,98.17259,1.09589
1937,2025-422135,BSCS,98.45218,1,21,94.41,93.90806,100.0,100.0,50.0,98.45218,1.09586
1938,2025-943422,BSCS,97.67538,1,23,83.24,100.0,100.0,100.0,40.92263,97.67538,1.10423
1939,2025-486786,BSIT,97.99782,1,25,94.48,100.0,96.51912,100.0,50.0,97.99782,1.09589
1940,2025-364805,BSIT,98.5385,1,18,99.87,94.32632,100.0,100.0,50.0,98.5385,1.06929
1941,2025-265096,BSIT,98.41225,1,18,88.13,99.30531,97.39014,100.0,49.14737,98.41225,1.10976
1942,2025-647777,BSIT,98.33721,1,22,95.03,100.0,97.15604,100.0,48.88522,98.33721,1.08061
1943,2025-331135,BSIT,97.62311,1,25,85.53,100.0,100.0,100.0,42.2317,97.62311,1.09591
1944,2025-107777,BSCS,98.03072,1,19,92.04,100.0,98.27115,100.0,46.71452,98.03072,1.08409
1945,2025-164115,BSCS,98.11373,1,19,99.68,100.0,100.0,99.58619,44.86453,98.11373,1.03146
1946,2025-466716,BLIS,97.58919,1,24,77.64,100.0,100.0,100.0,42.80234,97.58919,1.12801
1947,2025-349987,BSCS,97.66702,1,21,92.41,100.0,100.0,100.0,43.00555,97.66702,1.06769
1948,2025-995639,BSIT,98.65162,1,18,82.54,98.21772,98.33285,100.0,50.0,98.65162,1.12568
1949,2025-109702,BSCS,98.50094,1,25,98.09,95.65597,100.0,100.0,49.73946,98.50094,1.06638
1950,2025-267595,BSIT,98.01057,1,24,98.76,95.59665,100.0,100.0,50.0,98.01057,1.07202
1951,2025-918623,BSCS,97.66511,1,25,95.99,100.0,100.0,100.0,43.51049,97.66511,1.0534
1952,2025-220949,BSCS,98.28048,1,20,99.87,100.0,100.0,100.0,43.53644,98.28048,1.02803
1953,2025-803155,BSCS,98.42429,1,18,89.76,100.0,100.0,100.0,43.56811,98.42429,1.06617
1954,2025-862447,BSIT,98.95526,1,24,90.29,96.80333,100.0,100.0,48.39864,98.95526,1.08113
1955,2025-280334,BSCS,98.57435,1,22,92.69,100.0,98.00779,100.0,48.83992,98.57435,1.07596
1956,2025-493461,BSCS,98.44294,1,24,97.82,95.91082,100.0,100.0,50.0,98.44294,1.06635
1957,2025-902299,BLIS,97.97582,1,21,88.67,99.37814,100.0,100.0,45.25648,97.97582,1.08268
1958,2025-835685,BSDSA,98.29731,1,20,98.54,100.0,100.0,100.0,44.61038,98.29731,1.03308
1959,2025-112145,BLIS,97.77044,1,23,98.26,100.0,100.0,100.0,44.74462,97.77044,1.04263
1960,2025-983962,BSIT,98.25149,1,20,98.79,100.0,100.0,100.0,44.94829,98.25149,1.03282
1961,2025-818663,BSCS,98.49329,1,22,96.91,97.00052,100.0,100.0,49.68249,98.49329,1.06046
1962,2025-896886,BSIT,98.22402,1,22,96.53,100.0,98.17391,100.0,50.0,98.22402,1.06421
1963,2025-836413,BSCS,98.29794,1,25,92.12,100.0,100.0,100.0,45.57017,98.29794,1.05875
1964,2025-762019,BSIT,98.45506,1,25,94.81,100.0,100.0,100.0,45.71704,98.45506,1.04548
1965,2025-971327,BSCS,98.20635,1,24,95.88,100.0,100.0,100.0,46.23623,98.20635,1.04518
1966,2025-672813,BLIS,98.37692,1,25,79.66,100.0,100.0,100.0,46.63086,98.37692,1.10733
1967,2025-904753,BSDSA,98.55361,1,18,95.03,97.80741,100.0,100.0,50.0,98.55361,1.06056
1968,2025-627363,BSDSA,98.56054,1,22,99.67,97.81913,100.0,100.0,50.0,98.56054,1.0418
1969,2025-802183,BLIS,98.92223,1,25,97.37,98.59349,100.0,100.0,48.95017,98.92223,1.03902
1970,2025-984096,BSDSA,98.87866,1,22,99.82,98.20088,100.0,100.0,50.0,98.87866,1.03305
1971,2025-884305,BLIS,98.60979,1,19,99.53,100.0,100.0,100.0,47.3147,98.60979,1.02412
1972,2025-709959,BSIT,98.94724,1,25,97.85,100.0,100.0,100.0,47.44879,98.94724,1.02544
1973,2025-219203,BLIS,99.06146,1,25,97.59,100.0,100.0,100.0,47.58121,99.06146,1.02466
1974,2025-276888,BSIT,98.4426,1,25,92.14,100.0,99.03286,100.0,50.0,98.4426,1.06796
1975,2025-654404,BSIT,98.81694,1,23,98.31,100.0,100.0,100.0,47.76912,98.81694,1.02569
1976,2025-100447,BSCS,98.86734,1,23,96.24,100.0,100.0,100.0,47.95524,98.86734,1.03316
1977,2025-760210,BSIT,98.88039,1,20,99.04,98.7705,100.0,100.0,50.0,98.88039,1.03159
1978,2025-795051,BSCS,98.26679,1,24,93.91,99.47187,100.0,100.0,49.17636,98.26679,1.05632
1979,2025-994109,BSCS,98.79095,1,22,93.46,98.93169,100.0,100.0,50.0,98.79095,1.05405
1980,2025-692117,BSCS,98.9103,1,18,93.13,98.9976,100.0,100.0,50.0,98.9103,1.05293
1981,2025-328216,BSIT,99.1363,1,21,94.86,100.0,100.0,100.0,48.7601,99.1363,1.03438
1982,2025-429736,BSIT,99.02414,1,20,97.39,100.0,99.69207,100.0,50.0,99.02414,1.02975
1983,2025-508834,BSCS,98.98438,1,20,98.83,100.0,100.0,100.0,49.45516,98.98438,1.02093
1984,2025-697985,BSCS,98.76609,1,19,94.88,99.7808,100.0,100.0,50.0,98.76609,1.04198
1985,2025-571717,BLIS,98.42598,1,23,99.83,100.0,100.0,100.0,49.68445,98.42598,1.02586
1986,2025-773423,BSDSA,98.24742,1,20,98.91,100.0,99.99368,100.0,50.0,98.24742,1.03248
1987,2025-855819,BSDSA,99.64657,1,18,77.5,100.0,100.0,100.0,50.0,99.64657,1.09565
1988,2025-204076,BSCS,99.13124,1,22,98.62,100.0,100.0,100.0,50.0,99.13124,1.01942
1989,2025-575462,BSIT,98.82613,1,25,89.25,100.0,100.0,100.0,50.0,98.82613,1.06178
1990,2025-171925,BSIT,98.63923,1,19,93.65,100.0,100.0,100.0,50.0,98.63923,1.04717
1991,2025-863707,BSCS,99.39472,1,19,98.76,100.0,100.0,100.0,50.0,99.39472,1.01464
1992,2025-693125,BSIT,99.31347,1,23,85.66,100.0,100.0,100.0,50.0,99.31347,1.06834
1993,2025-947890,BSIT,98.71971,1,21,91.93,100.0,100.0,100.0,50.0,98.71971,1.05276
1994,2025-609302,BSIT,99.3297,1,20,91.53,100.0,100.0,100.0,50.0,99.3297,1.0446
1995,2025-411154,BSCS,98.65027,1,22,99.39,100.0,100.0,100.0,50.0,98.65027,1.02404
1996,2025-983729,BSIT,98.89742,1,25,93.89,100.0,100.0,100.0,50.0,98.89742,1.04208
1997,2025-956821,BLIS,98.89528,1,25,99.13,100.0,100.0,100.0,50.0,98.89528,1.02116
1998,2025-628087,BSIT,99.0083,1,19,96.58,100.0,100.0,100.0,50.0,99.0083,1.02955
1999,2025-155086,BSCS,98.6633,1,19,99.25,100.0,100.0,100.0,50.0,98.6633,1.02439
